image_path,label
Blood cell Cancer [ALL]\Benign\Snap_057 (2).jpg,benign
Blood cell Cancer [ALL]\[Malignant] early Pre-B\Snap_193.jpg,malignant
Blood cell Cancer [ALL]\[Malignant] early Pre-B\Snap_255.jpg,malignant
Blood cell Cancer [ALL]\[Malignant] Pro-B\Snap_212.jpg,malignant
Blood cell Cancer [ALL]\[Malignant] Pre-B\Snap_802.jpg,malignant
Blood cell Cancer [ALL]\[Malignant] early Pre-B\Snap_128 - Copy.jpg,malignant
Blood cell Cancer [ALL]\Benign\Snap_015 (3).jpg,benign
Blood cell Cancer [ALL]\[Malignant] Pre-B\Snap_328.jpg,malignant
Blood cell Cancer [ALL]\[Malignant] Pre-B\Snap_454.jpg,malignant
Blood cell Cancer [ALL]\[Malignant] Pre-B\Snap_244.jpg,malignant
Blood cell Cancer [ALL]\[Malignant] Pro-B\Snap_054.jpg,malignant
Blood cell Cancer [ALL]\[Malignant] early Pre-B\Snap_098.jpg,malignant
Blood cell Cancer [ALL]\[Malignant] Pre-B\Snap_510.jpg,malignant
Blood cell Cancer [ALL]\[Malignant] Pre-B\Snap_422.jpg,malignant
Blood cell Cancer [ALL]\[Malignant] Pro-B\Snap_465.jpg,malignant
Blood cell Cancer [ALL]\[Malignant] Pro-B\Snap_328.jpg,malignant
Blood cell Cancer [ALL]\Benign\Snap_050 (2).jpg,benign
Blood cell Cancer [ALL]\Benign\Snap_084.jpg,benign
Blood cell Cancer [ALL]\[Malignant] Pro-B\Snap_099.jpg,malignant
Blood cell Cancer [ALL]\[Malignant] early Pre-B\Snp_147 (18).jpg,malignant
Blood cell Cancer [ALL]\[Malignant] Pro-B\Snap_139.jpg,malignant
Blood cell Cancer [ALL]\[Malignant] Pre-B\Snap_205.jpg,malignant
Blood cell Cancer [ALL]\[Malignant] early Pre-B\Snap1_043 (26).jpg,malignant
Blood cell Cancer [ALL]\[Malignant] Pre-B\Snap_658.jpg,malignant
Blood cell Cancer [ALL]\[Malignant] early Pre-B\Snap_029 - Copy.jpg,malignant
Blood cell Cancer [ALL]\[Malignant] early Pre-B\Snap_197.jpg,malignant
Blood cell Cancer [ALL]\[Malignant] early Pre-B\Sap_148 (104).jpg,malignant
Blood cell Cancer [ALL]\[Malignant] Pro-B\Snap_123.jpg,malignant
Blood cell Cancer [ALL]\[Malignant] Pre-B\Snap_158.jpg,malignant
Blood cell Cancer [ALL]\[Malignant] Pro-B\Snap_188.jpg,malignant
Blood cell Cancer [ALL]\[Malignant] Pre-B\Snap_014 - Copy.jpg,malignant
Blood cell Cancer [ALL]\[Malignant] early Pre-B\Snap1_043 (17).jpg,malignant
Blood cell Cancer [ALL]\[Malignant] early Pre-B\Snap_228 - Copy.jpg,malignant
Blood cell Cancer [ALL]\[Malignant] Pro-B\Snap_315.jpg,malignant
Blood cell Cancer [ALL]\Benign\Snap_004 (3).jpg,benign
Blood cell Cancer [ALL]\[Malignant] Pro-B\Snap_317.jpg,malignant
Blood cell Cancer [ALL]\[Malignant] Pro-B\Snap_117.jpg,malignant
Blood cell Cancer [ALL]\[Malignant] Pre-B\Snap_812.jpg,malignant
Blood cell Cancer [ALL]\[Malignant] Pro-B\Snap_010.jpg,malignant
Blood cell Cancer [ALL]\[Malignant] early Pre-B\Snap_016 - Copy.jpg,malignant
Blood cell Cancer [ALL]\[Malignant] Pro-B\Snap_017.jpg,malignant
Blood cell Cancer [ALL]\[Malignant] Pro-B\Snap_172.jpg,malignant
Blood cell Cancer [ALL]\[Malignant] early Pre-B\Snap_284.jpg,malignant
Blood cell Cancer [ALL]\Benign\Snap_090 (3).jpg,benign
Blood cell Cancer [ALL]\[Malignant] early Pre-B\Sap_148 (133).jpg,malignant
Blood cell Cancer [ALL]\[Malignant] Pre-B\Snap_759.jpg,malignant
Blood cell Cancer [ALL]\Benign\Sap_013 (43).jpg,benign
Blood cell Cancer [ALL]\Benign\Snap_001 (4).jpg,benign
Blood cell Cancer [ALL]\Benign\Snap_040 (2).jpg,benign
Blood cell Cancer [ALL]\Benign\Snap_028.jpg,benign
Blood cell Cancer [ALL]\[Malignant] early Pre-B\Snap_087.jpg,malignant
Blood cell Cancer [ALL]\Benign\Snap_099.jpg,benign
Blood cell Cancer [ALL]\Benign\Snap_089 (3).jpg,benign
Blood cell Cancer [ALL]\[Malignant] Pro-B\Snap_067.jpg,malignant
Blood cell Cancer [ALL]\[Malignant] Pro-B\Snap_066.jpg,malignant
Blood cell Cancer [ALL]\[Malignant] early Pre-B\Snap_116 - Copy.jpg,malignant
Blood cell Cancer [ALL]\Benign\Sap_013 (1).jpg,benign
Blood cell Cancer [ALL]\[Malignant] Pro-B\Snap_634.jpg,malignant
Blood cell Cancer [ALL]\[Malignant] Pre-B\Snap_305.jpg,malignant
Blood cell Cancer [ALL]\Benign\Snap_045 (3).jpg,benign
Blood cell Cancer [ALL]\[Malignant] Pre-B\Snap_038 - Copy.jpg,malignant
Blood cell Cancer [ALL]\[Malignant] early Pre-B\Sap_148 (12).jpg,malignant
Blood cell Cancer [ALL]\[Malignant] Pro-B\Snap_197.jpg,malignant
Blood cell Cancer [ALL]\Benign\Snap_028 (2).jpg,benign
Blood cell Cancer [ALL]\[Malignant] Pre-B\Snap_540.jpg,malignant
Blood cell Cancer [ALL]\[Malignant] early Pre-B\Sap_148 (34).jpg,malignant
Blood cell Cancer [ALL]\[Malignant] early Pre-B\Snap_088 - Copy.jpg,malignant
Blood cell Cancer [ALL]\[Malignant] Pre-B\Snap_259.jpg,malignant
Blood cell Cancer [ALL]\[Malignant] early Pre-B\Snap_274.jpg,malignant
Blood cell Cancer [ALL]\[Malignant] early Pre-B\Snap_253.jpg,malignant
Blood cell Cancer [ALL]\[Malignant] Pro-B\Snap_464.jpg,malignant
Blood cell Cancer [ALL]\[Malignant] early Pre-B\Snap_292.jpg,malignant
Blood cell Cancer [ALL]\[Malignant] Pro-B\Snap_089.jpg,malignant
Blood cell Cancer [ALL]\[Malignant] early Pre-B\Snap1_043 (27).jpg,malignant
Blood cell Cancer [ALL]\[Malignant] early Pre-B\Snp_147 (146).jpg,malignant
Blood cell Cancer [ALL]\[Malignant] Pre-B\Snap_569.jpg,malignant
Blood cell Cancer [ALL]\[Malignant] early Pre-B\Snap_086.jpg,malignant
Blood cell Cancer [ALL]\[Malignant] Pre-B\Snap_723.jpg,malignant
Blood cell Cancer [ALL]\[Malignant] early Pre-B\Snap1_043 (51).jpg,malignant
Blood cell Cancer [ALL]\[Malignant] Pro-B\Snap_499.jpg,malignant
Blood cell Cancer [ALL]\[Malignant] early Pre-B\Snap_280.jpg,malignant
Blood cell Cancer [ALL]\[Malignant] Pre-B\Snap_00s2.jpg,malignant
Blood cell Cancer [ALL]\[Malignant] Pro-B\Snap_544.jpg,malignant
Blood cell Cancer [ALL]\[Malignant] Pre-B\Snap_187.jpg,malignant
Blood cell Cancer [ALL]\Benign\Snap_085 (2).jpg,benign
Blood cell Cancer [ALL]\[Malignant] Pre-B\Snap_461.jpg,malignant
Blood cell Cancer [ALL]\[Malignant] Pre-B\Snap_384.jpg,malignant
Blood cell Cancer [ALL]\[Malignant] Pre-B\Snap_189.jpg,malignant
Blood cell Cancer [ALL]\[Malignant] early Pre-B\Sap_148 (146).jpg,malignant
Blood cell Cancer [ALL]\[Malignant] early Pre-B\Snap_294.jpg,malignant
Blood cell Cancer [ALL]\[Malignant] early Pre-B\Snap_261.jpg,malignant
Blood cell Cancer [ALL]\[Malignant] Pre-B\Snap_159.jpg,malignant
Blood cell Cancer [ALL]\Benign\Snap_107.jpg,benign
Blood cell Cancer [ALL]\Benign\Snap_100.jpg,benign
Blood cell Cancer [ALL]\[Malignant] Pre-B\Snap_238.jpg,malignant
Blood cell Cancer [ALL]\[Malignant] Pro-B\Snap_330.jpg,malignant
Blood cell Cancer [ALL]\[Malignant] Pro-B\Snap_519.jpg,malignant
Blood cell Cancer [ALL]\[Malignant] Pre-B\Snap_481.jpg,malignant
Blood cell Cancer [ALL]\[Malignant] Pro-B\Snap_209.jpg,malignant
Blood cell Cancer [ALL]\[Malignant] Pro-B\Snap_260.jpg,malignant
Blood cell Cancer [ALL]\[Malignant] Pro-B\Snap_286.jpg,malignant
Blood cell Cancer [ALL]\[Malignant] Pre-B\Snap_045 - Copy.jpg,malignant
Blood cell Cancer [ALL]\[Malignant] Pre-B\Snap_050 - Copy.jpg,malignant
Blood cell Cancer [ALL]\[Malignant] Pre-B\Snap_0s10.jpg,malignant
Blood cell Cancer [ALL]\[Malignant] Pro-B\Snap_399.jpg,malignant
Blood cell Cancer [ALL]\Benign\Snap_101 (2).jpg,benign
Blood cell Cancer [ALL]\[Malignant] Pro-B\Snap_150.jpg,malignant
Blood cell Cancer [ALL]\[Malignant] early Pre-B\Snp_147 (23).jpg,malignant
Blood cell Cancer [ALL]\[Malignant] Pro-B\Snap_430.jpg,malignant
Blood cell Cancer [ALL]\[Malignant] early Pre-B\Sap_148 (91).jpg,malignant
Blood cell Cancer [ALL]\Benign\Sap_013 (33).jpg,benign
Blood cell Cancer [ALL]\Benign\Snap_009 (2).jpg,benign
Blood cell Cancer [ALL]\[Malignant] Pro-B\Snap_409.jpg,malignant
Blood cell Cancer [ALL]\[Malignant] Pro-B\Snap_492.jpg,malignant
Blood cell Cancer [ALL]\[Malignant] early Pre-B\Snap_040.jpg,malignant
Blood cell Cancer [ALL]\[Malignant] Pre-B\Snap_028.jpg,malignant
Blood cell Cancer [ALL]\[Malignant] early Pre-B\Snap_044.jpg,malignant
Blood cell Cancer [ALL]\[Malignant] Pre-B\Snap_s006.jpg,malignant
Blood cell Cancer [ALL]\[Malignant] Pro-B\Snap_462.jpg,malignant
Blood cell Cancer [ALL]\[Malignant] Pre-B\Snap_718.jpg,malignant
Blood cell Cancer [ALL]\Benign\Sap_013 (39).jpg,benign
Blood cell Cancer [ALL]\[Malignant] Pre-B\Snap_600.jpg,malignant
Blood cell Cancer [ALL]\[Malignant] Pre-B\Snap_107.jpg,malignant
Blood cell Cancer [ALL]\[Malignant] early Pre-B\Snap_110 - Copy.jpg,malignant
Blood cell Cancer [ALL]\[Malignant] Pre-B\Snap_666.jpg,malignant
Blood cell Cancer [ALL]\[Malignant] Pre-B\Snap_086.jpg,malignant
Blood cell Cancer [ALL]\[Malignant] Pro-B\Snap_583.jpg,malignant
Blood cell Cancer [ALL]\[Malignant] Pro-B\Snap_679.jpg,malignant
Blood cell Cancer [ALL]\Benign\Snap_172.jpg,benign
Blood cell Cancer [ALL]\[Malignant] Pre-B\Snap_124.jpg,malignant
Blood cell Cancer [ALL]\[Malignant] Pre-B\Snap_011.jpg,malignant
Blood cell Cancer [ALL]\[Malignant] Pre-B\Snap_387.jpg,malignant
Blood cell Cancer [ALL]\[Malignant] early Pre-B\Snap1_043 (50).jpg,malignant
Blood cell Cancer [ALL]\[Malignant] Pre-B\Snap_135.jpg,malignant
Blood cell Cancer [ALL]\[Malignant] Pro-B\Snap_629.jpg,malignant
Blood cell Cancer [ALL]\[Malignant] early Pre-B\Sap_148 (41).jpg,malignant
Blood cell Cancer [ALL]\Benign\Snap_103.jpg,benign
Blood cell Cancer [ALL]\[Malignant] Pre-B\Snap_099.jpg,malignant
Blood cell Cancer [ALL]\Benign\Snap_169.jpg,benign
Blood cell Cancer [ALL]\[Malignant] Pre-B\Snap_220.jpg,malignant
Blood cell Cancer [ALL]\[Malignant] Pre-B\Snap_432.jpg,malignant
Blood cell Cancer [ALL]\[Malignant] Pro-B\Snap_632.jpg,malignant
Blood cell Cancer [ALL]\[Malignant] Pro-B\Snap_339.jpg,malignant
Blood cell Cancer [ALL]\[Malignant] Pro-B\Snap_019 - Copy.jpg,malignant
Blood cell Cancer [ALL]\[Malignant] early Pre-B\Snap1_043 (70).jpg,malignant
Blood cell Cancer [ALL]\[Malignant] early Pre-B\Snap_206 - Copy.jpg,malignant
Blood cell Cancer [ALL]\[Malignant] early Pre-B\Sap_148 (40).jpg,malignant
Blood cell Cancer [ALL]\[Malignant] early Pre-B\Snap_045.jpg,malignant
Blood cell Cancer [ALL]\[Malignant] early Pre-B\Snap_186.jpg,malignant
Blood cell Cancer [ALL]\[Malignant] Pro-B\Snap_154.jpg,malignant
Blood cell Cancer [ALL]\[Malignant] Pre-B\Snap_243.jpg,malignant
Blood cell Cancer [ALL]\Benign\Snap_111 (3).jpg,benign
Blood cell Cancer [ALL]\Benign\Snap_007 (2).jpg,benign
Blood cell Cancer [ALL]\[Malignant] Pre-B\Snap_699.jpg,malignant
Blood cell Cancer [ALL]\[Malignant] early Pre-B\Snap_099 - Copy.jpg,malignant
Blood cell Cancer [ALL]\[Malignant] early Pre-B\Snap_084 - Copy.jpg,malignant
Blood cell Cancer [ALL]\[Malignant] Pre-B\Snap_781.jpg,malignant
Blood cell Cancer [ALL]\[Malignant] early Pre-B\Snap_208 - Copy.jpg,malignant
Blood cell Cancer [ALL]\[Malignant] Pro-B\Snap_686.jpg,malignant
Blood cell Cancer [ALL]\[Malignant] Pro-B\Snap_646.jpg,malignant
Blood cell Cancer [ALL]\[Malignant] Pro-B\Snap_205.jpg,malignant
Blood cell Cancer [ALL]\[Malignant] Pre-B\Snap_613.jpg,malignant
Blood cell Cancer [ALL]\[Malignant] Pre-B\Snap_466.jpg,malignant
Blood cell Cancer [ALL]\[Malignant] Pro-B\Snap_032.jpg,malignant
Blood cell Cancer [ALL]\[Malignant] Pre-B\Snap_095.jpg,malignant
Blood cell Cancer [ALL]\[Malignant] early Pre-B\Snp_147 (26).jpg,malignant
Blood cell Cancer [ALL]\Benign\Snap_051 (2).jpg,benign
Blood cell Cancer [ALL]\Benign\Sap_013 (42).jpg,benign
Blood cell Cancer [ALL]\[Malignant] Pro-B\Snap_566.jpg,malignant
Blood cell Cancer [ALL]\[Malignant] early Pre-B\Snap_0233 (8).jpg,malignant
Blood cell Cancer [ALL]\[Malignant] Pro-B\Snap_610.jpg,malignant
Blood cell Cancer [ALL]\[Malignant] Pre-B\Snap_784.jpg,malignant
Blood cell Cancer [ALL]\[Malignant] Pro-B\Snap_018 - Copy.jpg,malignant
Blood cell Cancer [ALL]\[Malignant] Pre-B\Snap_697.jpg,malignant
Blood cell Cancer [ALL]\[Malignant] early Pre-B\Snap_229 - Copy.jpg,malignant
Blood cell Cancer [ALL]\[Malignant] early Pre-B\Snap_199.jpg,malignant
Blood cell Cancer [ALL]\[Malignant] Pre-B\Snap_095 - Copy.jpg,malignant
Blood cell Cancer [ALL]\[Malignant] Pro-B\Snap_628.jpg,malignant
Blood cell Cancer [ALL]\[Malignant] Pro-B\Snap_035.jpg,malignant
Blood cell Cancer [ALL]\Benign\Snap_089.jpg,benign
Blood cell Cancer [ALL]\[Malignant] Pro-B\Snap_029.jpg,malignant
Blood cell Cancer [ALL]\[Malignant] Pro-B\Snap_731.jpg,malignant
Blood cell Cancer [ALL]\[Malignant] early Pre-B\Snp_147 (100).jpg,malignant
Blood cell Cancer [ALL]\[Malignant] Pro-B\Snap_033.jpg,malignant
Blood cell Cancer [ALL]\[Malignant] Pro-B\Snap_136.jpg,malignant
Blood cell Cancer [ALL]\[Malignant] Pro-B\Snap_460.jpg,malignant
Blood cell Cancer [ALL]\[Malignant] Pre-B\Snap_621.jpg,malignant
Blood cell Cancer [ALL]\[Malignant] Pre-B\Snap_273.jpg,malignant
Blood cell Cancer [ALL]\[Malignant] early Pre-B\Snap_0233 (2).jpg,malignant
Blood cell Cancer [ALL]\[Malignant] Pre-B\Snap_479.jpg,malignant
Blood cell Cancer [ALL]\[Malignant] Pro-B\Snap_681.jpg,malignant
Blood cell Cancer [ALL]\[Malignant] Pro-B\Snap_557.jpg,malignant
Blood cell Cancer [ALL]\Benign\Snap_108.jpg,benign
Blood cell Cancer [ALL]\[Malignant] Pro-B\Snap_206.jpg,malignant
Blood cell Cancer [ALL]\[Malignant] Pre-B\Snap_058.jpg,malignant
Blood cell Cancer [ALL]\Benign\Snap_128.jpg,benign
Blood cell Cancer [ALL]\[Malignant] Pre-B\Snap_522.jpg,malignant
Blood cell Cancer [ALL]\[Malignant] Pre-B\Snap_043 - Copy.jpg,malignant
Blood cell Cancer [ALL]\[Malignant] Pre-B\Snap_630.jpg,malignant
Blood cell Cancer [ALL]\[Malignant] Pre-B\Snap_131.jpg,malignant
Blood cell Cancer [ALL]\[Malignant] early Pre-B\Snp_147 (150).jpg,malignant
Blood cell Cancer [ALL]\[Malignant] Pro-B\Snap_115.jpg,malignant
Blood cell Cancer [ALL]\[Malignant] Pro-B\Snap_155.jpg,malignant
Blood cell Cancer [ALL]\[Malignant] early Pre-B\Snap_110.jpg,malignant
Blood cell Cancer [ALL]\[Malignant] Pro-B\Snap_146 - Copy.jpg,malignant
Blood cell Cancer [ALL]\[Malignant] early Pre-B\Snap_062.jpg,malignant
Blood cell Cancer [ALL]\Benign\Snap_100 (2).jpg,benign
Blood cell Cancer [ALL]\[Malignant] early Pre-B\Snap_135 - Copy.jpg,malignant
Blood cell Cancer [ALL]\[Malignant] Pre-B\Snap_369.jpg,malignant
Blood cell Cancer [ALL]\Benign\Snap_011 (3).jpg,benign
Blood cell Cancer [ALL]\[Malignant] Pre-B\Snap_480.jpg,malignant
Blood cell Cancer [ALL]\Benign\Snap_177.jpg,benign
Blood cell Cancer [ALL]\[Malignant] Pre-B\Snap_400.jpg,malignant
Blood cell Cancer [ALL]\[Malignant] Pre-B\Snap_650.jpg,malignant
Blood cell Cancer [ALL]\[Malignant] Pre-B\Snap_106 - Copy.jpg,malignant
Blood cell Cancer [ALL]\[Malignant] Pro-B\Snap_247.jpg,malignant
Blood cell Cancer [ALL]\[Malignant] early Pre-B\Snap_196 - Copy.jpg,malignant
Blood cell Cancer [ALL]\[Malignant] early Pre-B\Snap_026.jpg,malignant
Blood cell Cancer [ALL]\Benign\Snap_148.jpg,benign
Blood cell Cancer [ALL]\[Malignant] Pre-B\Snap_665.jpg,malignant
Blood cell Cancer [ALL]\Benign\Sap_013 (27).jpg,benign
Blood cell Cancer [ALL]\[Malignant] Pro-B\Snap_407.jpg,malignant
Blood cell Cancer [ALL]\[Malignant] Pre-B\Snap_283.jpg,malignant
Blood cell Cancer [ALL]\[Malignant] early Pre-B\Snap_010 - Copy.jpg,malignant
Blood cell Cancer [ALL]\[Malignant] Pre-B\Snap_326.jpg,malignant
Blood cell Cancer [ALL]\[Malignant] early Pre-B\Snp_147 (114).jpg,malignant
Blood cell Cancer [ALL]\[Malignant] Pre-B\Snap_152.jpg,malignant
Blood cell Cancer [ALL]\[Malignant] Pre-B\Snap_486.jpg,malignant
Blood cell Cancer [ALL]\[Malignant] Pro-B\Snap_596.jpg,malignant
Blood cell Cancer [ALL]\[Malignant] Pre-B\Snap_460.jpg,malignant
Blood cell Cancer [ALL]\[Malignant] Pro-B\Snap_695.jpg,malignant
Blood cell Cancer [ALL]\[Malignant] early Pre-B\Snp_147 (9).jpg,malignant
Blood cell Cancer [ALL]\[Malignant] early Pre-B\Snap_092.jpg,malignant
Blood cell Cancer [ALL]\[Malignant] early Pre-B\Snap_266.jpg,malignant
Blood cell Cancer [ALL]\Benign\Snap_131 (2).jpg,benign
Blood cell Cancer [ALL]\[Malignant] Pre-B\Snap_201.jpg,malignant
Blood cell Cancer [ALL]\[Malignant] early Pre-B\Snap_070.jpg,malignant
Blood cell Cancer [ALL]\[Malignant] early Pre-B\Snap_139 - Copy.jpg,malignant
Blood cell Cancer [ALL]\Benign\Snap_105 (3).jpg,benign
Blood cell Cancer [ALL]\[Malignant] early Pre-B\Sap_148 (152).jpg,malignant
Blood cell Cancer [ALL]\[Malignant] Pro-B\Snap_586.jpg,malignant
Blood cell Cancer [ALL]\Benign\Snap_008 (3).jpg,benign
Blood cell Cancer [ALL]\[Malignant] Pro-B\Snap_514.jpg,malignant
Blood cell Cancer [ALL]\[Malignant] Pre-B\Snap_787.jpg,malignant
Blood cell Cancer [ALL]\[Malignant] Pro-B\Snap_113.jpg,malignant
Blood cell Cancer [ALL]\[Malignant] Pro-B\Snap_688.jpg,malignant
Blood cell Cancer [ALL]\[Malignant] Pro-B\Snap_680.jpg,malignant
Blood cell Cancer [ALL]\[Malignant] early Pre-B\Snp_147 (3).jpg,malignant
Blood cell Cancer [ALL]\[Malignant] early Pre-B\Snp_147 (118).jpg,malignant
Blood cell Cancer [ALL]\Benign\Snap_116.jpg,benign
Blood cell Cancer [ALL]\[Malignant] Pro-B\Snap_484.jpg,malignant
Blood cell Cancer [ALL]\[Malignant] Pro-B\Snap_081.jpg,malignant
Blood cell Cancer [ALL]\[Malignant] Pro-B\Snap_609.jpg,malignant
Blood cell Cancer [ALL]\[Malignant] Pre-B\Snap_353.jpg,malignant
Blood cell Cancer [ALL]\Benign\Snap_049.jpg,benign
Blood cell Cancer [ALL]\Benign\Snap_095 (2).jpg,benign
Blood cell Cancer [ALL]\[Malignant] early Pre-B\Snap_076 - Copy.jpg,malignant
Blood cell Cancer [ALL]\[Malignant] Pro-B\Snap_050.jpg,malignant
Blood cell Cancer [ALL]\[Malignant] early Pre-B\Snap_154.jpg,malignant
Blood cell Cancer [ALL]\[Malignant] Pro-B\Snap_505.jpg,malignant
Blood cell Cancer [ALL]\[Malignant] Pre-B\Snap_441.jpg,malignant
Blood cell Cancer [ALL]\[Malignant] early Pre-B\Snap_273.jpg,malignant
Blood cell Cancer [ALL]\Benign\Snap_100 (3).jpg,benign
Blood cell Cancer [ALL]\[Malignant] Pro-B\Snap_374.jpg,malignant
Blood cell Cancer [ALL]\[Malignant] Pro-B\Snap_494.jpg,malignant
Blood cell Cancer [ALL]\[Malignant] Pro-B\Snap_034.jpg,malignant
Blood cell Cancer [ALL]\Benign\Snap_091.jpg,benign
Blood cell Cancer [ALL]\[Malignant] Pro-B\Snap_171.jpg,malignant
Blood cell Cancer [ALL]\[Malignant] Pre-B\Snap_532.jpg,malignant
Blood cell Cancer [ALL]\[Malignant] Pro-B\Snap_545.jpg,malignant
Blood cell Cancer [ALL]\Benign\Snap_081.jpg,benign
Blood cell Cancer [ALL]\[Malignant] early Pre-B\Snap_019.jpg,malignant
Blood cell Cancer [ALL]\[Malignant] early Pre-B\Sn1ap_024 (26).jpg,malignant
Blood cell Cancer [ALL]\[Malignant] Pre-B\Snap_161.jpg,malignant
Blood cell Cancer [ALL]\[Malignant] Pre-B\Snap_117.jpg,malignant
Blood cell Cancer [ALL]\[Malignant] Pro-B\Snap_014.jpg,malignant
Blood cell Cancer [ALL]\[Malignant] early Pre-B\Snap_013 - Copy.jpg,malignant
Blood cell Cancer [ALL]\[Malignant] Pre-B\Snap_009.jpg,malignant
Blood cell Cancer [ALL]\[Malignant] early Pre-B\Snap1_043 (73).jpg,malignant
Blood cell Cancer [ALL]\Benign\Snap_111.jpg,benign
Blood cell Cancer [ALL]\[Malignant] early Pre-B\Snp_147 (110).jpg,malignant
Blood cell Cancer [ALL]\[Malignant] Pro-B\Snap_759.jpg,malignant
Blood cell Cancer [ALL]\[Malignant] Pre-B\Snap_209.jpg,malignant
Blood cell Cancer [ALL]\[Malignant] Pro-B\Snap_325.jpg,malignant
Blood cell Cancer [ALL]\Benign\Sap_013 (3).jpg,benign
Blood cell Cancer [ALL]\[Malignant] Pre-B\Snap_611.jpg,malignant
Blood cell Cancer [ALL]\[Malignant] early Pre-B\Sap_148 (58).jpg,malignant
Blood cell Cancer [ALL]\[Malignant] Pro-B\Snap_344.jpg,malignant
Blood cell Cancer [ALL]\[Malignant] Pre-B\Snap_00s7.jpg,malignant
Blood cell Cancer [ALL]\[Malignant] early Pre-B\Snp_147 (51).jpg,malignant
Blood cell Cancer [ALL]\[Malignant] Pro-B\Snap_114.jpg,malignant
Blood cell Cancer [ALL]\Benign\Snap_013 (2).jpg,benign
Blood cell Cancer [ALL]\Benign\Snap_094 (2).jpg,benign
Blood cell Cancer [ALL]\[Malignant] early Pre-B\Snp_147 (126).jpg,malignant
Blood cell Cancer [ALL]\Benign\Snap_059 (3).jpg,benign
Blood cell Cancer [ALL]\[Malignant] Pre-B\Snap_117 - Copy.jpg,malignant
Blood cell Cancer [ALL]\[Malignant] Pre-B\Snap_013 - Copy.jpg,malignant
Blood cell Cancer [ALL]\Benign\Snap_139.jpg,benign
Blood cell Cancer [ALL]\[Malignant] Pre-B\Snap_618.jpg,malignant
Blood cell Cancer [ALL]\[Malignant] Pro-B\Snap_692.jpg,malignant
Blood cell Cancer [ALL]\[Malignant] early Pre-B\Sn1ap_024 (7).jpg,malignant
Blood cell Cancer [ALL]\[Malignant] Pre-B\Snap_299.jpg,malignant
Blood cell Cancer [ALL]\[Malignant] early Pre-B\Snap_064 - Copy.jpg,malignant
Blood cell Cancer [ALL]\[Malignant] Pro-B\Snap_069.jpg,malignant
Blood cell Cancer [ALL]\[Malignant] Pre-B\Snap_033 - Copy.jpg,malignant
Blood cell Cancer [ALL]\[Malignant] Pre-B\Snap_817.jpg,malignant
Blood cell Cancer [ALL]\Benign\Snap_114 (3).jpg,benign
Blood cell Cancer [ALL]\[Malignant] Pre-B\Snap_180.jpg,malignant
Blood cell Cancer [ALL]\[Malignant] early Pre-B\Snap_229.jpg,malignant
Blood cell Cancer [ALL]\[Malignant] Pre-B\Snap_708.jpg,malignant
Blood cell Cancer [ALL]\[Malignant] Pro-B\Snap_106 - Copy.jpg,malignant
Blood cell Cancer [ALL]\[Malignant] Pre-B\Snap_524.jpg,malignant
Blood cell Cancer [ALL]\[Malignant] early Pre-B\Snap_078 - Copy.jpg,malignant
Blood cell Cancer [ALL]\[Malignant] Pre-B\Snap_612.jpg,malignant
Blood cell Cancer [ALL]\[Malignant] Pro-B\Snap_395.jpg,malignant
Blood cell Cancer [ALL]\Benign\Snap_016 (2).jpg,benign
Blood cell Cancer [ALL]\[Malignant] Pre-B\Snap_160.jpg,malignant
Blood cell Cancer [ALL]\[Malignant] Pro-B\Snap_108 - Copy.jpg,malignant
Blood cell Cancer [ALL]\[Malignant] Pre-B\Snap_617.jpg,malignant
Blood cell Cancer [ALL]\[Malignant] Pro-B\Snap_235.jpg,malignant
Blood cell Cancer [ALL]\[Malignant] early Pre-B\Snap_073.jpg,malignant
Blood cell Cancer [ALL]\[Malignant] Pre-B\Snap_111.jpg,malignant
Blood cell Cancer [ALL]\[Malignant] Pre-B\Snap_362.jpg,malignant
Blood cell Cancer [ALL]\[Malignant] Pro-B\Snap_428.jpg,malignant
Blood cell Cancer [ALL]\[Malignant] early Pre-B\Sap_148 (89).jpg,malignant
Blood cell Cancer [ALL]\[Malignant] Pre-B\Snap_005.jpg,malignant
Blood cell Cancer [ALL]\[Malignant] Pre-B\Snap_783.jpg,malignant
Blood cell Cancer [ALL]\[Malignant] Pre-B\Snap_649.jpg,malignant
Blood cell Cancer [ALL]\[Malignant] Pre-B\Snap_450.jpg,malignant
Blood cell Cancer [ALL]\[Malignant] Pre-B\Snap_261.jpg,malignant
Blood cell Cancer [ALL]\[Malignant] early Pre-B\Snap_073 - Copy.jpg,malignant
Blood cell Cancer [ALL]\[Malignant] Pre-B\Snap_051.jpg,malignant
Blood cell Cancer [ALL]\[Malignant] early Pre-B\Snap_0233 (22).jpg,malignant
Blood cell Cancer [ALL]\Benign\Snap_069 (2).jpg,benign
Blood cell Cancer [ALL]\[Malignant] early Pre-B\Snap_159.jpg,malignant
Blood cell Cancer [ALL]\Benign\Snap_110 (2).jpg,benign
Blood cell Cancer [ALL]\[Malignant] Pre-B\Snap_731.jpg,malignant
Blood cell Cancer [ALL]\Benign\Snap_060.jpg,benign
Blood cell Cancer [ALL]\[Malignant] Pre-B\Snap_043.jpg,malignant
Blood cell Cancer [ALL]\[Malignant] Pro-B\Snap_751.jpg,malignant
Blood cell Cancer [ALL]\[Malignant] early Pre-B\Snap1_043 (74).jpg,malignant
Blood cell Cancer [ALL]\[Malignant] early Pre-B\Sn1ap_024 (44).jpg,malignant
Blood cell Cancer [ALL]\[Malignant] early Pre-B\Snap_058.jpg,malignant
Blood cell Cancer [ALL]\[Malignant] Pre-B\Snap_240.jpg,malignant
Blood cell Cancer [ALL]\[Malignant] Pre-B\Snap_543.jpg,malignant
Blood cell Cancer [ALL]\Benign\Snap_127.jpg,benign
Blood cell Cancer [ALL]\[Malignant] Pro-B\Snap_747.jpg,malignant
Blood cell Cancer [ALL]\[Malignant] Pre-B\Snap_774.jpg,malignant
Blood cell Cancer [ALL]\[Malignant] early Pre-B\Snap_0233 (14).jpg,malignant
Blood cell Cancer [ALL]\[Malignant] Pro-B\Snap_635.jpg,malignant
Blood cell Cancer [ALL]\[Malignant] early Pre-B\Snap_198.jpg,malignant
Blood cell Cancer [ALL]\[Malignant] early Pre-B\Snap_059.jpg,malignant
Blood cell Cancer [ALL]\Benign\Snap_112 (2).jpg,benign
Blood cell Cancer [ALL]\[Malignant] Pre-B\Snap_025 - Copy.jpg,malignant
Blood cell Cancer [ALL]\[Malignant] early Pre-B\Snp_147 (101).jpg,malignant
Blood cell Cancer [ALL]\Benign\Snap_092.jpg,benign
Blood cell Cancer [ALL]\[Malignant] Pro-B\Snap_304.jpg,malignant
Blood cell Cancer [ALL]\[Malignant] Pro-B\Snap_175.jpg,malignant
Blood cell Cancer [ALL]\Benign\Snap_176.jpg,benign
Blood cell Cancer [ALL]\[Malignant] Pro-B\Snap_394.jpg,malignant
Blood cell Cancer [ALL]\[Malignant] Pre-B\Snap_329.jpg,malignant
Blood cell Cancer [ALL]\[Malignant] Pre-B\Snap_132 - Copy.jpg,malignant
Blood cell Cancer [ALL]\[Malignant] Pre-B\Snap_176.jpg,malignant
Blood cell Cancer [ALL]\[Malignant] early Pre-B\Sn1ap_024 (13).jpg,malignant
Blood cell Cancer [ALL]\[Malignant] Pro-B\Snap_237.jpg,malignant
Blood cell Cancer [ALL]\[Malignant] early Pre-B\Snp_147 (28).jpg,malignant
Blood cell Cancer [ALL]\[Malignant] early Pre-B\Snp_147 (143).jpg,malignant
Blood cell Cancer [ALL]\[Malignant] Pre-B\Snap_107 - Copy.jpg,malignant
Blood cell Cancer [ALL]\[Malignant] early Pre-B\Sn1ap_024 (2).jpg,malignant
Blood cell Cancer [ALL]\[Malignant] Pre-B\Snap_021 - Copy.jpg,malignant
Blood cell Cancer [ALL]\[Malignant] Pro-B\Snap_603.jpg,malignant
Blood cell Cancer [ALL]\[Malignant] early Pre-B\Snp_147 (134).jpg,malignant
Blood cell Cancer [ALL]\Benign\Snap_129 (2).jpg,benign
Blood cell Cancer [ALL]\[Malignant] early Pre-B\Snap_124.jpg,malignant
Blood cell Cancer [ALL]\[Malignant] Pre-B\Snap_314.jpg,malignant
Blood cell Cancer [ALL]\[Malignant] Pro-B\Snap_026.jpg,malignant
Blood cell Cancer [ALL]\[Malignant] early Pre-B\Snp_147 (71).jpg,malignant
Blood cell Cancer [ALL]\[Malignant] Pre-B\Snap_053.jpg,malignant
Blood cell Cancer [ALL]\[Malignant] Pre-B\Snap_448.jpg,malignant
Blood cell Cancer [ALL]\[Malignant] Pro-B\Snap_768.jpg,malignant
Blood cell Cancer [ALL]\Benign\Snap_023 (2).jpg,benign
Blood cell Cancer [ALL]\[Malignant] Pro-B\Snap_398.jpg,malignant
Blood cell Cancer [ALL]\[Malignant] early Pre-B\Snp_147 (90).jpg,malignant
Blood cell Cancer [ALL]\[Malignant] Pre-B\Snap_553.jpg,malignant
Blood cell Cancer [ALL]\[Malignant] Pro-B\Snap_236.jpg,malignant
Blood cell Cancer [ALL]\[Malignant] early Pre-B\Snap_048.jpg,malignant
Blood cell Cancer [ALL]\[Malignant] Pro-B\Snap_038.jpg,malignant
Blood cell Cancer [ALL]\[Malignant] Pre-B\Snap_562.jpg,malignant
Blood cell Cancer [ALL]\[Malignant] Pre-B\Snap_377.jpg,malignant
Blood cell Cancer [ALL]\[Malignant] Pro-B\Snap_744.jpg,malignant
Blood cell Cancer [ALL]\[Malignant] Pre-B\Snap_008.jpg,malignant
Blood cell Cancer [ALL]\[Malignant] early Pre-B\Snap_069.jpg,malignant
Blood cell Cancer [ALL]\[Malignant] Pre-B\Snap_734.jpg,malignant
Blood cell Cancer [ALL]\[Malignant] early Pre-B\Snp_147 (25).jpg,malignant
Blood cell Cancer [ALL]\[Malignant] Pre-B\Snap_411.jpg,malignant
Blood cell Cancer [ALL]\[Malignant] early Pre-B\Snap_052.jpg,malignant
Blood cell Cancer [ALL]\[Malignant] early Pre-B\Sap_148 (30).jpg,malignant
Blood cell Cancer [ALL]\[Malignant] Pro-B\Snap_541.jpg,malignant
Blood cell Cancer [ALL]\[Malignant] Pre-B\Snap_357.jpg,malignant
Blood cell Cancer [ALL]\[Malignant] Pre-B\Snap_207.jpg,malignant
Blood cell Cancer [ALL]\[Malignant] early Pre-B\Snp_147 (56).jpg,malignant
Blood cell Cancer [ALL]\Benign\Snap_031.jpg,benign
Blood cell Cancer [ALL]\[Malignant] Pre-B\Snap_067 - Copy.jpg,malignant
Blood cell Cancer [ALL]\[Malignant] early Pre-B\Snap_226.jpg,malignant
Blood cell Cancer [ALL]\Benign\Snap_175.jpg,benign
Blood cell Cancer [ALL]\Benign\Snap_130 (2).jpg,benign
Blood cell Cancer [ALL]\[Malignant] early Pre-B\Snap_187 - Copy.jpg,malignant
Blood cell Cancer [ALL]\[Malignant] early Pre-B\Sap_148 (74).jpg,malignant
Blood cell Cancer [ALL]\[Malignant] early Pre-B\Sap_148 (6).jpg,malignant
Blood cell Cancer [ALL]\[Malignant] Pro-B\Snap_190.jpg,malignant
Blood cell Cancer [ALL]\[Malignant] Pre-B\Snap_083 - Copy.jpg,malignant
Blood cell Cancer [ALL]\[Malignant] Pre-B\Snap_322.jpg,malignant
Blood cell Cancer [ALL]\[Malignant] early Pre-B\Snap_063.jpg,malignant
Blood cell Cancer [ALL]\[Malignant] early Pre-B\Sap_148 (15).jpg,malignant
Blood cell Cancer [ALL]\[Malignant] Pre-B\Snap_530.jpg,malignant
Blood cell Cancer [ALL]\Benign\Snap_039 (3).jpg,benign
Blood cell Cancer [ALL]\[Malignant] Pre-B\Snap_197.jpg,malignant
Blood cell Cancer [ALL]\[Malignant] Pre-B\Snap_138.jpg,malignant
Blood cell Cancer [ALL]\[Malignant] Pre-B\Snap_729.jpg,malignant
Blood cell Cancer [ALL]\[Malignant] Pro-B\Snap_297.jpg,malignant
Blood cell Cancer [ALL]\Benign\Snap_027.jpg,benign
Blood cell Cancer [ALL]\[Malignant] Pro-B\Snap_560.jpg,malignant
Blood cell Cancer [ALL]\[Malignant] early Pre-B\Sap_148 (11).jpg,malignant
Blood cell Cancer [ALL]\[Malignant] Pre-B\Snap_018.jpg,malignant
Blood cell Cancer [ALL]\[Malignant] Pre-B\Snap_415.jpg,malignant
Blood cell Cancer [ALL]\[Malignant] early Pre-B\Snap_161 - Copy.jpg,malignant
Blood cell Cancer [ALL]\[Malignant] early Pre-B\Snap_179.jpg,malignant
Blood cell Cancer [ALL]\[Malignant] Pro-B\Snap_754.jpg,malignant
Blood cell Cancer [ALL]\Benign\Snap_133.jpg,benign
Blood cell Cancer [ALL]\[Malignant] Pre-B\Snap_512.jpg,malignant
Blood cell Cancer [ALL]\[Malignant] Pro-B\Snap_742.jpg,malignant
Blood cell Cancer [ALL]\[Malignant] Pro-B\Snap_418.jpg,malignant
Blood cell Cancer [ALL]\[Malignant] early Pre-B\Sap_148 (88).jpg,malignant
Blood cell Cancer [ALL]\[Malignant] Pre-B\Snap_525.jpg,malignant
Blood cell Cancer [ALL]\[Malignant] Pro-B\Snap_741.jpg,malignant
Blood cell Cancer [ALL]\[Malignant] early Pre-B\Snp_147 (54).jpg,malignant
Blood cell Cancer [ALL]\Benign\Snap_136 (2).jpg,benign
Blood cell Cancer [ALL]\[Malignant] early Pre-B\Snp_147 (77).jpg,malignant
Blood cell Cancer [ALL]\Benign\Sap_013 (16).jpg,benign
Blood cell Cancer [ALL]\[Malignant] Pre-B\Snap_670.jpg,malignant
Blood cell Cancer [ALL]\Benign\Snap_035 (2).jpg,benign
Blood cell Cancer [ALL]\[Malignant] Pro-B\Snap_134.jpg,malignant
Blood cell Cancer [ALL]\[Malignant] Pre-B\Snap_814.jpg,malignant
Blood cell Cancer [ALL]\[Malignant] early Pre-B\Sap_148 (98).jpg,malignant
Blood cell Cancer [ALL]\[Malignant] Pre-B\Snap_320.jpg,malignant
Blood cell Cancer [ALL]\[Malignant] early Pre-B\Sap_148 (107).jpg,malignant
Blood cell Cancer [ALL]\Benign\Snap_137 (2).jpg,benign
Blood cell Cancer [ALL]\[Malignant] early Pre-B\Snap_150 - Copy.jpg,malignant
Blood cell Cancer [ALL]\[Malignant] Pro-B\Snap_349.jpg,malignant
Blood cell Cancer [ALL]\[Malignant] early Pre-B\Snap_056 - Copy.jpg,malignant
Blood cell Cancer [ALL]\[Malignant] early Pre-B\Snap_096 - Copy.jpg,malignant
Blood cell Cancer [ALL]\[Malignant] Pre-B\Snap_106.jpg,malignant
Blood cell Cancer [ALL]\[Malignant] early Pre-B\Snap_201.jpg,malignant
Blood cell Cancer [ALL]\Benign\Sap_013 (29).jpg,benign
Blood cell Cancer [ALL]\[Malignant] Pro-B\Snap_033 - Copy.jpg,malignant
Blood cell Cancer [ALL]\[Malignant] Pre-B\Snap_558.jpg,malignant
Blood cell Cancer [ALL]\[Malignant] early Pre-B\Snap_011.jpg,malignant
Blood cell Cancer [ALL]\[Malignant] Pre-B\Snap_109 - Copy.jpg,malignant
Blood cell Cancer [ALL]\[Malignant] Pre-B\Snap_179.jpg,malignant
Blood cell Cancer [ALL]\[Malignant] early Pre-B\Snp_147 (66).jpg,malignant
Blood cell Cancer [ALL]\[Malignant] Pre-B\Snap_821.jpg,malignant
Blood cell Cancer [ALL]\[Malignant] early Pre-B\Sap_148 (57).jpg,malignant
Blood cell Cancer [ALL]\[Malignant] early Pre-B\Sap_148 (95).jpg,malignant
Blood cell Cancer [ALL]\Benign\Snap_069.jpg,benign
Blood cell Cancer [ALL]\[Malignant] early Pre-B\Snap_288.jpg,malignant
Blood cell Cancer [ALL]\[Malignant] Pro-B\Snap_637.jpg,malignant
Blood cell Cancer [ALL]\[Malignant] Pro-B\Snap_073 - Copy.jpg,malignant
Blood cell Cancer [ALL]\[Malignant] early Pre-B\Snap_194.jpg,malignant
Blood cell Cancer [ALL]\Benign\Sap_013 (8).jpg,benign
Blood cell Cancer [ALL]\[Malignant] Pre-B\Snap_226.jpg,malignant
Blood cell Cancer [ALL]\[Malignant] early Pre-B\Sap_148 (31).jpg,malignant
Blood cell Cancer [ALL]\Benign\Snap_017 (4).jpg,benign
Blood cell Cancer [ALL]\[Malignant] Pre-B\Snap_118 - Copy.jpg,malignant
Blood cell Cancer [ALL]\[Malignant] early Pre-B\Snap_232.jpg,malignant
Blood cell Cancer [ALL]\[Malignant] Pro-B\Snap_025.jpg,malignant
Blood cell Cancer [ALL]\[Malignant] early Pre-B\Snap_147 - Copy.jpg,malignant
Blood cell Cancer [ALL]\[Malignant] early Pre-B\Snap_178.jpg,malignant
Blood cell Cancer [ALL]\[Malignant] Pre-B\Snap_173.jpg,malignant
Blood cell Cancer [ALL]\[Malignant] Pre-B\Snap_050.jpg,malignant
Blood cell Cancer [ALL]\[Malignant] Pre-B\Snap_026.jpg,malignant
Blood cell Cancer [ALL]\Benign\Snap_074 (2).jpg,benign
Blood cell Cancer [ALL]\[Malignant] early Pre-B\Snap_223 - Copy.jpg,malignant
Blood cell Cancer [ALL]\[Malignant] Pre-B\Snap_365.jpg,malignant
Blood cell Cancer [ALL]\[Malignant] Pro-B\Snap_393.jpg,malignant
Blood cell Cancer [ALL]\[Malignant] Pre-B\Snap_337.jpg,malignant
Blood cell Cancer [ALL]\Benign\Snap_009 (3).jpg,benign
Blood cell Cancer [ALL]\[Malignant] early Pre-B\Snp_147 (57).jpg,malignant
Blood cell Cancer [ALL]\[Malignant] Pre-B\Snap_511.jpg,malignant
Blood cell Cancer [ALL]\[Malignant] Pro-B\Snap_186.jpg,malignant
Blood cell Cancer [ALL]\[Malignant] early Pre-B\Snap_075 - Copy.jpg,malignant
Blood cell Cancer [ALL]\[Malignant] Pre-B\Snap_130.jpg,malignant
Blood cell Cancer [ALL]\Benign\Snap_022 (4).jpg,benign
Blood cell Cancer [ALL]\[Malignant] Pro-B\Snap_076.jpg,malignant
Blood cell Cancer [ALL]\Benign\Snap_070 (2).jpg,benign
Blood cell Cancer [ALL]\[Malignant] Pre-B\Snap_198.jpg,malignant
Blood cell Cancer [ALL]\Benign\Snap_015 (2).jpg,benign
Blood cell Cancer [ALL]\[Malignant] early Pre-B\Snp_147 (105).jpg,malignant
Blood cell Cancer [ALL]\[Malignant] early Pre-B\Sap_148 (59).jpg,malignant
Blood cell Cancer [ALL]\[Malignant] early Pre-B\Sn1ap_024 (51).jpg,malignant
Blood cell Cancer [ALL]\Benign\Snap_048 (2).jpg,benign
Blood cell Cancer [ALL]\[Malignant] early Pre-B\Snp_147 (127).jpg,malignant
Blood cell Cancer [ALL]\[Malignant] Pre-B\Snap_029 - Copy.jpg,malignant
Blood cell Cancer [ALL]\[Malignant] Pre-B\Snap_181.jpg,malignant
Blood cell Cancer [ALL]\[Malignant] Pre-B\Snap_770.jpg,malignant
Blood cell Cancer [ALL]\[Malignant] Pro-B\Snap_467.jpg,malignant
Blood cell Cancer [ALL]\[Malignant] early Pre-B\Sap_148 (25).jpg,malignant
Blood cell Cancer [ALL]\[Malignant] Pre-B\Snap_816.jpg,malignant
Blood cell Cancer [ALL]\[Malignant] early Pre-B\Sap_148 (38).jpg,malignant
Blood cell Cancer [ALL]\[Malignant] early Pre-B\Snp_147 (141).jpg,malignant
Blood cell Cancer [ALL]\[Malignant] Pro-B\Snap_713.jpg,malignant
Blood cell Cancer [ALL]\[Malignant] Pro-B\Snap_729.jpg,malignant
Blood cell Cancer [ALL]\Benign\Snap_002 (4).jpg,benign
Blood cell Cancer [ALL]\[Malignant] Pre-B\Snap_267.jpg,malignant
Blood cell Cancer [ALL]\[Malignant] early Pre-B\Snap1_043 (39).jpg,malignant
Blood cell Cancer [ALL]\[Malignant] Pre-B\Snap_434.jpg,malignant
Blood cell Cancer [ALL]\[Malignant] Pro-B\Snap_361.jpg,malignant
Blood cell Cancer [ALL]\[Malignant] early Pre-B\Snap_046 - Copy.jpg,malignant
Blood cell Cancer [ALL]\[Malignant] Pro-B\Snap_547.jpg,malignant
Blood cell Cancer [ALL]\[Malignant] Pro-B\Snap_031.jpg,malignant
Blood cell Cancer [ALL]\[Malignant] Pre-B\Snap_069.jpg,malignant
Blood cell Cancer [ALL]\Benign\Snap_028 (3).jpg,benign
Blood cell Cancer [ALL]\[Malignant] Pro-B\Snap_156.jpg,malignant
Blood cell Cancer [ALL]\Benign\Snap_059 (2).jpg,benign
Blood cell Cancer [ALL]\[Malignant] early Pre-B\Sap_148 (79).jpg,malignant
Blood cell Cancer [ALL]\[Malignant] Pre-B\Snap_282.jpg,malignant
Blood cell Cancer [ALL]\[Malignant] early Pre-B\Snap_167.jpg,malignant
Blood cell Cancer [ALL]\[Malignant] Pre-B\Snap_104.jpg,malignant
Blood cell Cancer [ALL]\[Malignant] early Pre-B\Snap_241.jpg,malignant
Blood cell Cancer [ALL]\[Malignant] Pre-B\Snap_623.jpg,malignant
Blood cell Cancer [ALL]\[Malignant] early Pre-B\Snap_215 - Copy.jpg,malignant
Blood cell Cancer [ALL]\[Malignant] Pro-B\Snap_743.jpg,malignant
Blood cell Cancer [ALL]\[Malignant] early Pre-B\Snap_178 - Copy.jpg,malignant
Blood cell Cancer [ALL]\[Malignant] early Pre-B\Snp_147 (103).jpg,malignant
Blood cell Cancer [ALL]\[Malignant] Pre-B\Snap_743.jpg,malignant
Blood cell Cancer [ALL]\Benign\Snap_001.jpg,benign
Blood cell Cancer [ALL]\[Malignant] Pro-B\Snap_046.jpg,malignant
Blood cell Cancer [ALL]\[Malignant] early Pre-B\Snp_147 (94).jpg,malignant
Blood cell Cancer [ALL]\[Malignant] Pre-B\Snap_571.jpg,malignant
Blood cell Cancer [ALL]\Benign\Sap_013 (41).jpg,benign
Blood cell Cancer [ALL]\[Malignant] Pre-B\Snap_389.jpg,malignant
Blood cell Cancer [ALL]\Benign\Snap_008 (2).jpg,benign
Blood cell Cancer [ALL]\[Malignant] Pro-B\Snap_030.jpg,malignant
Blood cell Cancer [ALL]\[Malignant] Pre-B\Snap_363.jpg,malignant
Blood cell Cancer [ALL]\Benign\Sap_013 (25).jpg,benign
Blood cell Cancer [ALL]\Benign\Snap_121.jpg,benign
Blood cell Cancer [ALL]\[Malignant] Pre-B\Snap_332.jpg,malignant
Blood cell Cancer [ALL]\[Malignant] Pre-B\Snap_762.jpg,malignant
Blood cell Cancer [ALL]\[Malignant] Pro-B\Snap_593.jpg,malignant
Blood cell Cancer [ALL]\[Malignant] early Pre-B\Snap1_043 (14).jpg,malignant
Blood cell Cancer [ALL]\[Malignant] Pro-B\Snap_222.jpg,malignant
Blood cell Cancer [ALL]\[Malignant] early Pre-B\Snap_067 - Copy.jpg,malignant
Blood cell Cancer [ALL]\[Malignant] Pro-B\Snap_133.jpg,malignant
Blood cell Cancer [ALL]\[Malignant] Pre-B\Snap_063 - Copy.jpg,malignant
Blood cell Cancer [ALL]\[Malignant] Pro-B\Snap_116 - Copy.jpg,malignant
Blood cell Cancer [ALL]\[Malignant] Pro-B\Snap_490.jpg,malignant
Blood cell Cancer [ALL]\[Malignant] Pre-B\Snap_016.jpg,malignant
Blood cell Cancer [ALL]\[Malignant] early Pre-B\Snap_264.jpg,malignant
Blood cell Cancer [ALL]\[Malignant] Pro-B\Snap_660.jpg,malignant
Blood cell Cancer [ALL]\[Malignant] Pro-B\Snap_750.jpg,malignant
Blood cell Cancer [ALL]\[Malignant] Pro-B\Snap_536.jpg,malignant
Blood cell Cancer [ALL]\[Malignant] Pre-B\Snap_370.jpg,malignant
Blood cell Cancer [ALL]\[Malignant] Pre-B\Snap_041.jpg,malignant
Blood cell Cancer [ALL]\Benign\Snap_054 (3).jpg,benign
Blood cell Cancer [ALL]\[Malignant] early Pre-B\Snp_147 (123).jpg,malignant
Blood cell Cancer [ALL]\[Malignant] Pro-B\Snap_542.jpg,malignant
Blood cell Cancer [ALL]\[Malignant] early Pre-B\Snap_218 - Copy.jpg,malignant
Blood cell Cancer [ALL]\[Malignant] Pro-B\Snap_258.jpg,malignant
Blood cell Cancer [ALL]\Benign\Snap_039 (2).jpg,benign
Blood cell Cancer [ALL]\[Malignant] early Pre-B\Snap_207.jpg,malignant
Blood cell Cancer [ALL]\[Malignant] early Pre-B\Snap_126.jpg,malignant
Blood cell Cancer [ALL]\[Malignant] Pro-B\Snap_726.jpg,malignant
Blood cell Cancer [ALL]\[Malignant] Pre-B\Snap_020.jpg,malignant
Blood cell Cancer [ALL]\Benign\Snap_011 (4).jpg,benign
Blood cell Cancer [ALL]\Benign\Snap_106.jpg,benign
Blood cell Cancer [ALL]\[Malignant] early Pre-B\Snap_209.jpg,malignant
Blood cell Cancer [ALL]\[Malignant] Pre-B\Snap_489.jpg,malignant
Blood cell Cancer [ALL]\[Malignant] Pre-B\Snap_596.jpg,malignant
Blood cell Cancer [ALL]\[Malignant] Pre-B\Snap_647.jpg,malignant
Blood cell Cancer [ALL]\Benign\Snap_122 (2).jpg,benign
Blood cell Cancer [ALL]\[Malignant] Pro-B\Snap_522.jpg,malignant
Blood cell Cancer [ALL]\[Malignant] Pro-B\Snap_485.jpg,malignant
Blood cell Cancer [ALL]\[Malignant] early Pre-B\Snap_202.jpg,malignant
Blood cell Cancer [ALL]\[Malignant] Pro-B\Snap_210.jpg,malignant
Blood cell Cancer [ALL]\[Malignant] Pro-B\Snap_457.jpg,malignant
Blood cell Cancer [ALL]\[Malignant] Pro-B\Snap_538.jpg,malignant
Blood cell Cancer [ALL]\[Malignant] early Pre-B\Sn1ap_024 (19).jpg,malignant
Blood cell Cancer [ALL]\Benign\Snap_006 (2).jpg,benign
Blood cell Cancer [ALL]\[Malignant] Pre-B\Snap_021.jpg,malignant
Blood cell Cancer [ALL]\Benign\Snap_007 (3).jpg,benign
Blood cell Cancer [ALL]\Benign\Snap_096 (2).jpg,benign
Blood cell Cancer [ALL]\Benign\Snap_123 (2).jpg,benign
Blood cell Cancer [ALL]\[Malignant] Pro-B\Snap_111 - Copy.jpg,malignant
Blood cell Cancer [ALL]\[Malignant] Pro-B\Snap_600.jpg,malignant
Blood cell Cancer [ALL]\[Malignant] Pre-B\Snap_242.jpg,malignant
Blood cell Cancer [ALL]\[Malignant] Pro-B\Snap_730.jpg,malignant
Blood cell Cancer [ALL]\[Malignant] Pro-B\Snap_065.jpg,malignant
Blood cell Cancer [ALL]\[Malignant] early Pre-B\Snap_296.jpg,malignant
Blood cell Cancer [ALL]\Benign\Snap_113.jpg,benign
Blood cell Cancer [ALL]\[Malignant] early Pre-B\Snap_040 - Copy.jpg,malignant
Blood cell Cancer [ALL]\[Malignant] Pre-B\Snap_373.jpg,malignant
Blood cell Cancer [ALL]\[Malignant] early Pre-B\Snap_080.jpg,malignant
Blood cell Cancer [ALL]\[Malignant] Pro-B\Snap_466.jpg,malignant
Blood cell Cancer [ALL]\[Malignant] Pro-B\Snap_220.jpg,malignant
Blood cell Cancer [ALL]\[Malignant] early Pre-B\Snap_027.jpg,malignant
Blood cell Cancer [ALL]\[Malignant] Pre-B\Snap_290.jpg,malignant
Blood cell Cancer [ALL]\[Malignant] Pre-B\Snap_065.jpg,malignant
Blood cell Cancer [ALL]\[Malignant] early Pre-B\Snap_241 - Copy.jpg,malignant
Blood cell Cancer [ALL]\Benign\Snap_025 (4).jpg,benign
Blood cell Cancer [ALL]\[Malignant] Pro-B\Snap_720.jpg,malignant
Blood cell Cancer [ALL]\[Malignant] Pro-B\Snap_724.jpg,malignant
Blood cell Cancer [ALL]\[Malignant] early Pre-B\Snap_279.jpg,malignant
Blood cell Cancer [ALL]\[Malignant] Pro-B\Snap_292.jpg,malignant
Blood cell Cancer [ALL]\[Malignant] Pre-B\Snap_429.jpg,malignant
Blood cell Cancer [ALL]\[Malignant] early Pre-B\Snap_075.jpg,malignant
Blood cell Cancer [ALL]\[Malignant] Pre-B\Snap_237.jpg,malignant
Blood cell Cancer [ALL]\[Malignant] Pro-B\Snap_591.jpg,malignant
Blood cell Cancer [ALL]\Benign\Snap_021 (4).jpg,benign
Blood cell Cancer [ALL]\[Malignant] Pro-B\Snap_122.jpg,malignant
Blood cell Cancer [ALL]\[Malignant] Pre-B\Snap_010.jpg,malignant
Blood cell Cancer [ALL]\[Malignant] Pro-B\Snap_746.jpg,malignant
Blood cell Cancer [ALL]\[Malignant] early Pre-B\Snap1_043 (19).jpg,malignant
Blood cell Cancer [ALL]\[Malignant] Pre-B\Snap_819.jpg,malignant
Blood cell Cancer [ALL]\[Malignant] Pre-B\Snap_348.jpg,malignant
Blood cell Cancer [ALL]\[Malignant] Pre-B\Snap_111 - Copy.jpg,malignant
Blood cell Cancer [ALL]\[Malignant] Pre-B\Snap_778.jpg,malignant
Blood cell Cancer [ALL]\[Malignant] early Pre-B\Snp_147 (12).jpg,malignant
Blood cell Cancer [ALL]\[Malignant] early Pre-B\Snap_071 - Copy.jpg,malignant
Blood cell Cancer [ALL]\[Malignant] Pre-B\Snap_075.jpg,malignant
Blood cell Cancer [ALL]\Benign\Snap_020 (3).jpg,benign
Blood cell Cancer [ALL]\[Malignant] early Pre-B\Snap_183 - Copy.jpg,malignant
Blood cell Cancer [ALL]\[Malignant] early Pre-B\Snap1_043 (58).jpg,malignant
Blood cell Cancer [ALL]\[Malignant] Pro-B\Snap_348.jpg,malignant
Blood cell Cancer [ALL]\[Malignant] Pre-B\Snap_014.jpg,malignant
Blood cell Cancer [ALL]\[Malignant] Pro-B\Snap_704.jpg,malignant
Blood cell Cancer [ALL]\[Malignant] Pre-B\Snap_194.jpg,malignant
Blood cell Cancer [ALL]\[Malignant] early Pre-B\Snap1_043 (49).jpg,malignant
Blood cell Cancer [ALL]\[Malignant] early Pre-B\Sap_148 (135).jpg,malignant
Blood cell Cancer [ALL]\[Malignant] Pro-B\Snap_716.jpg,malignant
Blood cell Cancer [ALL]\[Malignant] early Pre-B\Snp_147 (63).jpg,malignant
Blood cell Cancer [ALL]\[Malignant] early Pre-B\Snap_138 - Copy.jpg,malignant
Blood cell Cancer [ALL]\[Malignant] Pre-B\Snap_412.jpg,malignant
Blood cell Cancer [ALL]\[Malignant] early Pre-B\Sap_148 (142).jpg,malignant
Blood cell Cancer [ALL]\Benign\Snap_120 (3).jpg,benign
Blood cell Cancer [ALL]\[Malignant] early Pre-B\Snap1_043 (3).jpg,malignant
Blood cell Cancer [ALL]\[Malignant] early Pre-B\Snap_097 - Copy.jpg,malignant
Blood cell Cancer [ALL]\[Malignant] Pre-B\Snap_100 - Copy.jpg,malignant
Blood cell Cancer [ALL]\[Malignant] Pro-B\Snap_097 - Copy.jpg,malignant
Blood cell Cancer [ALL]\[Malignant] Pre-B\Snap_195.jpg,malignant
Blood cell Cancer [ALL]\[Malignant] early Pre-B\Snap1_043 (13).jpg,malignant
Blood cell Cancer [ALL]\Benign\Snap_053 (2).jpg,benign
Blood cell Cancer [ALL]\Benign\Snap_053.jpg,benign
Blood cell Cancer [ALL]\[Malignant] Pre-B\Snap_059 - Copy.jpg,malignant
Blood cell Cancer [ALL]\Benign\Snap_104 (2).jpg,benign
Blood cell Cancer [ALL]\[Malignant] Pro-B\Snap_100.jpg,malignant
Blood cell Cancer [ALL]\Benign\Snap_021.jpg,benign
Blood cell Cancer [ALL]\[Malignant] Pro-B\Snap_761.jpg,malignant
Blood cell Cancer [ALL]\[Malignant] Pre-B\Snap_002.jpg,malignant
Blood cell Cancer [ALL]\[Malignant] early Pre-B\Sap_148 (10).jpg,malignant
Blood cell Cancer [ALL]\[Malignant] Pro-B\Snap_555.jpg,malignant
Blood cell Cancer [ALL]\[Malignant] Pre-B\Snap_535.jpg,malignant
Blood cell Cancer [ALL]\Benign\Snap_149.jpg,benign
Blood cell Cancer [ALL]\[Malignant] Pre-B\Snap_315.jpg,malignant
Blood cell Cancer [ALL]\[Malignant] Pre-B\Snap_272.jpg,malignant
Blood cell Cancer [ALL]\[Malignant] early Pre-B\Snap_173.jpg,malignant
Blood cell Cancer [ALL]\Benign\Snap_101 (3).jpg,benign
Blood cell Cancer [ALL]\[Malignant] Pro-B\Snap_006.jpg,malignant
Blood cell Cancer [ALL]\Benign\Sap_013 (2).jpg,benign
Blood cell Cancer [ALL]\[Malignant] Pre-B\Snap_346.jpg,malignant
Blood cell Cancer [ALL]\[Malignant] early Pre-B\Snap_153.jpg,malignant
Blood cell Cancer [ALL]\[Malignant] Pro-B\Snap_069 - Copy.jpg,malignant
Blood cell Cancer [ALL]\[Malignant] Pre-B\Snap_751.jpg,malignant
Blood cell Cancer [ALL]\[Malignant] early Pre-B\Snap_114 - Copy.jpg,malignant
Blood cell Cancer [ALL]\Benign\Snap_134.jpg,benign
Blood cell Cancer [ALL]\[Malignant] early Pre-B\Snp_147 (42).jpg,malignant
Blood cell Cancer [ALL]\Benign\Snap_109 (3).jpg,benign
Blood cell Cancer [ALL]\[Malignant] Pro-B\Snap_094 - Copy.jpg,malignant
Blood cell Cancer [ALL]\[Malignant] early Pre-B\Snp_147 (31).jpg,malignant
Blood cell Cancer [ALL]\[Malignant] Pre-B\Snap_662.jpg,malignant
Blood cell Cancer [ALL]\[Malignant] early Pre-B\Snap_102.jpg,malignant
Blood cell Cancer [ALL]\[Malignant] Pre-B\Snap_711.jpg,malignant
Blood cell Cancer [ALL]\[Malignant] early Pre-B\Snap1_043 (61).jpg,malignant
Blood cell Cancer [ALL]\[Malignant] early Pre-B\Snap_048 - Copy.jpg,malignant
Blood cell Cancer [ALL]\[Malignant] Pro-B\Snap_143.jpg,malignant
Blood cell Cancer [ALL]\[Malignant] Pro-B\Snap_683.jpg,malignant
Blood cell Cancer [ALL]\[Malignant] Pro-B\Snap_364.jpg,malignant
Blood cell Cancer [ALL]\[Malignant] Pre-B\Snap_776.jpg,malignant
Blood cell Cancer [ALL]\[Malignant] Pre-B\Snap_286.jpg,malignant
Blood cell Cancer [ALL]\Benign\Snap_124.jpg,benign
Blood cell Cancer [ALL]\Benign\Snap_117 (2).jpg,benign
Blood cell Cancer [ALL]\[Malignant] early Pre-B\Snap_093.jpg,malignant
Blood cell Cancer [ALL]\[Malignant] Pre-B\Snap_690.jpg,malignant
Blood cell Cancer [ALL]\[Malignant] Pre-B\Snap_295.jpg,malignant
Blood cell Cancer [ALL]\[Malignant] Pre-B\Snap_463.jpg,malignant
Blood cell Cancer [ALL]\[Malignant] Pre-B\Snap_089.jpg,malignant
Blood cell Cancer [ALL]\[Malignant] Pro-B\Snap_419.jpg,malignant
Blood cell Cancer [ALL]\[Malignant] early Pre-B\Snap_042.jpg,malignant
Blood cell Cancer [ALL]\[Malignant] Pro-B\Snap_605.jpg,malignant
Blood cell Cancer [ALL]\[Malignant] early Pre-B\Snap_125.jpg,malignant
Blood cell Cancer [ALL]\[Malignant] early Pre-B\Snap_036 - Copy.jpg,malignant
Blood cell Cancer [ALL]\[Malignant] early Pre-B\Snap_0233 (13).jpg,malignant
Blood cell Cancer [ALL]\[Malignant] Pro-B\Snap_719.jpg,malignant
Blood cell Cancer [ALL]\[Malignant] early Pre-B\Snap1_043 (36).jpg,malignant
Blood cell Cancer [ALL]\[Malignant] early Pre-B\Snap_164.jpg,malignant
Blood cell Cancer [ALL]\[Malignant] Pre-B\Snap_121.jpg,malignant
Blood cell Cancer [ALL]\[Malignant] Pro-B\Snap_061.jpg,malignant
Blood cell Cancer [ALL]\[Malignant] early Pre-B\Sn1ap_024 (52).jpg,malignant
Blood cell Cancer [ALL]\Benign\Snap_071 (3).jpg,benign
Blood cell Cancer [ALL]\[Malignant] early Pre-B\Snap_090 - Copy.jpg,malignant
Blood cell Cancer [ALL]\[Malignant] early Pre-B\Snap_190.jpg,malignant
Blood cell Cancer [ALL]\[Malignant] Pro-B\Snap_250.jpg,malignant
Blood cell Cancer [ALL]\Benign\Snap_178.jpg,benign
Blood cell Cancer [ALL]\[Malignant] Pre-B\Snap_660.jpg,malignant
Blood cell Cancer [ALL]\[Malignant] early Pre-B\Snap_043 - Copy.jpg,malignant
Blood cell Cancer [ALL]\[Malignant] Pre-B\Snap_072.jpg,malignant
Blood cell Cancer [ALL]\Benign\Snap_139 (2).jpg,benign
Blood cell Cancer [ALL]\[Malignant] early Pre-B\Snap_151.jpg,malignant
Blood cell Cancer [ALL]\[Malignant] early Pre-B\Snap_108.jpg,malignant
Blood cell Cancer [ALL]\[Malignant] Pro-B\Snap_763.jpg,malignant
Blood cell Cancer [ALL]\[Malignant] early Pre-B\Sap_148 (124).jpg,malignant
Blood cell Cancer [ALL]\[Malignant] early Pre-B\Snap_086 - Copy.jpg,malignant
Blood cell Cancer [ALL]\[Malignant] Pro-B\Snap_096.jpg,malignant
Blood cell Cancer [ALL]\Benign\Sap_013 (18).jpg,benign
Blood cell Cancer [ALL]\[Malignant] Pro-B\Snap_472.jpg,malignant
Blood cell Cancer [ALL]\[Malignant] Pro-B\Snap_405.jpg,malignant
Blood cell Cancer [ALL]\[Malignant] early Pre-B\Snap_077.jpg,malignant
Blood cell Cancer [ALL]\[Malignant] early Pre-B\Snap_028 - Copy.jpg,malignant
Blood cell Cancer [ALL]\[Malignant] early Pre-B\Sap_148 (27).jpg,malignant
Blood cell Cancer [ALL]\[Malignant] Pre-B\Snap_791.jpg,malignant
Blood cell Cancer [ALL]\[Malignant] early Pre-B\Snap_185 - Copy.jpg,malignant
Blood cell Cancer [ALL]\Benign\Snap_121 (2).jpg,benign
Blood cell Cancer [ALL]\[Malignant] Pro-B\Snap_003.jpg,malignant
Blood cell Cancer [ALL]\[Malignant] Pro-B\Snap_009.jpg,malignant
Blood cell Cancer [ALL]\[Malignant] Pre-B\Snap_394.jpg,malignant
Blood cell Cancer [ALL]\[Malignant] Pro-B\Snap_649.jpg,malignant
Blood cell Cancer [ALL]\[Malignant] Pre-B\Snap_153.jpg,malignant
Blood cell Cancer [ALL]\[Malignant] Pre-B\Snap_078 - Copy.jpg,malignant
Blood cell Cancer [ALL]\Benign\Snap_014 (3).jpg,benign
Blood cell Cancer [ALL]\[Malignant] early Pre-B\Snp_147 (74).jpg,malignant
Blood cell Cancer [ALL]\[Malignant] early Pre-B\Snap_221.jpg,malignant
Blood cell Cancer [ALL]\[Malignant] Pre-B\Snap_349.jpg,malignant
Blood cell Cancer [ALL]\[Malignant] Pro-B\Snap_265.jpg,malignant
Blood cell Cancer [ALL]\[Malignant] early Pre-B\Sap_148 (87).jpg,malignant
Blood cell Cancer [ALL]\Benign\Snap_046 (3).jpg,benign
Blood cell Cancer [ALL]\[Malignant] early Pre-B\Snp_147 (19).jpg,malignant
Blood cell Cancer [ALL]\[Malignant] Pro-B\Snap_427.jpg,malignant
Blood cell Cancer [ALL]\[Malignant] Pro-B\Snap_745.jpg,malignant
Blood cell Cancer [ALL]\[Malignant] Pre-B\Snap_078.jpg,malignant
Blood cell Cancer [ALL]\Benign\Snap_117 (3).jpg,benign
Blood cell Cancer [ALL]\[Malignant] Pro-B\Snap_094.jpg,malignant
Blood cell Cancer [ALL]\[Malignant] Pro-B\Snap_524.jpg,malignant
Blood cell Cancer [ALL]\[Malignant] Pro-B\Snap_408.jpg,malignant
Blood cell Cancer [ALL]\[Malignant] early Pre-B\Snap_242 - Copy.jpg,malignant
Blood cell Cancer [ALL]\[Malignant] Pre-B\Snap_182.jpg,malignant
Blood cell Cancer [ALL]\[Malignant] Pre-B\Snap_128 - Copy.jpg,malignant
Blood cell Cancer [ALL]\[Malignant] early Pre-B\Sap_148 (129).jpg,malignant
Blood cell Cancer [ALL]\[Malignant] Pro-B\Snap_449.jpg,malignant
Blood cell Cancer [ALL]\Benign\Snap_091 (2).jpg,benign
Blood cell Cancer [ALL]\Benign\Snap_119.jpg,benign
Blood cell Cancer [ALL]\[Malignant] early Pre-B\Snp_147 (97).jpg,malignant
Blood cell Cancer [ALL]\[Malignant] early Pre-B\Snp_147 (108).jpg,malignant
Blood cell Cancer [ALL]\[Malignant] Pro-B\Snap_693.jpg,malignant
Blood cell Cancer [ALL]\[Malignant] Pro-B\Snap_701.jpg,malignant
Blood cell Cancer [ALL]\Benign\Snap_055 (3).jpg,benign
Blood cell Cancer [ALL]\[Malignant] Pro-B\Snap_385.jpg,malignant
Blood cell Cancer [ALL]\[Malignant] Pro-B\Snap_008.jpg,malignant
Blood cell Cancer [ALL]\[Malignant] early Pre-B\Snap_291.jpg,malignant
Blood cell Cancer [ALL]\[Malignant] Pro-B\Snap_127 - Copy.jpg,malignant
Blood cell Cancer [ALL]\[Malignant] early Pre-B\Sap_148 (96).jpg,malignant
Blood cell Cancer [ALL]\[Malignant] Pro-B\Snap_516.jpg,malignant
Blood cell Cancer [ALL]\[Malignant] early Pre-B\Snap_181 - Copy.jpg,malignant
Blood cell Cancer [ALL]\[Malignant] early Pre-B\Snap_192 - Copy.jpg,malignant
Blood cell Cancer [ALL]\[Malignant] early Pre-B\Snap1_043 (9).jpg,malignant
Blood cell Cancer [ALL]\[Malignant] Pre-B\Snap_296.jpg,malignant
Blood cell Cancer [ALL]\[Malignant] early Pre-B\Snap_168.jpg,malignant
Blood cell Cancer [ALL]\[Malignant] early Pre-B\Snap_065.jpg,malignant
Blood cell Cancer [ALL]\[Malignant] Pro-B\Snap_376.jpg,malignant
Blood cell Cancer [ALL]\[Malignant] Pre-B\Snap_506.jpg,malignant
Blood cell Cancer [ALL]\[Malignant] Pre-B\Snap_020 - Copy.jpg,malignant
Blood cell Cancer [ALL]\Benign\Snap_047 (2).jpg,benign
Blood cell Cancer [ALL]\[Malignant] early Pre-B\Sap_148 (45).jpg,malignant
Blood cell Cancer [ALL]\Benign\Snap_163.jpg,benign
Blood cell Cancer [ALL]\[Malignant] Pro-B\Snap_224.jpg,malignant
Blood cell Cancer [ALL]\[Malignant] early Pre-B\Sn1ap_024 (30).jpg,malignant
Blood cell Cancer [ALL]\[Malignant] early Pre-B\Snap_177.jpg,malignant
Blood cell Cancer [ALL]\Benign\Snap_132 (2).jpg,benign
Blood cell Cancer [ALL]\[Malignant] early Pre-B\Sn1ap_024 (48).jpg,malignant
Blood cell Cancer [ALL]\[Malignant] early Pre-B\Snap_113.jpg,malignant
Blood cell Cancer [ALL]\[Malignant] Pre-B\Snap_s003.jpg,malignant
Blood cell Cancer [ALL]\[Malignant] Pre-B\Snap_155.jpg,malignant
Blood cell Cancer [ALL]\[Malignant] Pro-B\Snap_433.jpg,malignant
Blood cell Cancer [ALL]\[Malignant] early Pre-B\Snap_153 - Copy.jpg,malignant
Blood cell Cancer [ALL]\[Malignant] early Pre-B\Snap_169 - Copy.jpg,malignant
Blood cell Cancer [ALL]\[Malignant] Pro-B\Snap_604.jpg,malignant
Blood cell Cancer [ALL]\[Malignant] Pre-B\Snap_806.jpg,malignant
Blood cell Cancer [ALL]\[Malignant] early Pre-B\Snap1_043 (38).jpg,malignant
Blood cell Cancer [ALL]\[Malignant] Pro-B\Snap_132.jpg,malignant
Blood cell Cancer [ALL]\[Malignant] Pre-B\Snap_022.jpg,malignant
Blood cell Cancer [ALL]\[Malignant] Pre-B\Snap_185.jpg,malignant
Blood cell Cancer [ALL]\[Malignant] Pro-B\Snap_493.jpg,malignant
Blood cell Cancer [ALL]\[Malignant] Pro-B\Snap_353.jpg,malignant
Blood cell Cancer [ALL]\[Malignant] Pro-B\Snap_165.jpg,malignant
Blood cell Cancer [ALL]\[Malignant] Pro-B\Snap_647.jpg,malignant
Blood cell Cancer [ALL]\[Malignant] early Pre-B\Snap_002 - Copy.jpg,malignant
Blood cell Cancer [ALL]\[Malignant] Pre-B\Snap_0301.jpg,malignant
Blood cell Cancer [ALL]\[Malignant] early Pre-B\Snap_037 - Copy.jpg,malignant
Blood cell Cancer [ALL]\[Malignant] Pro-B\Snap_157.jpg,malignant
Blood cell Cancer [ALL]\Benign\Snap_086 (3).jpg,benign
Blood cell Cancer [ALL]\Benign\Snap_173.jpg,benign
Blood cell Cancer [ALL]\[Malignant] early Pre-B\Snp_147 (152).jpg,malignant
Blood cell Cancer [ALL]\[Malignant] Pre-B\Snap_627.jpg,malignant
Blood cell Cancer [ALL]\[Malignant] Pre-B\Snap_199.jpg,malignant
Blood cell Cancer [ALL]\[Malignant] Pro-B\Snap_633.jpg,malignant
Blood cell Cancer [ALL]\[Malignant] Pro-B\Snap_288.jpg,malignant
Blood cell Cancer [ALL]\[Malignant] Pre-B\Snap_144.jpg,malignant
Blood cell Cancer [ALL]\Benign\Snap_079.jpg,benign
Blood cell Cancer [ALL]\Benign\Snap_055 (2).jpg,benign
Blood cell Cancer [ALL]\Benign\Snap_080 (2).jpg,benign
Blood cell Cancer [ALL]\[Malignant] early Pre-B\Snp_147 (8).jpg,malignant
Blood cell Cancer [ALL]\[Malignant] early Pre-B\Snap_283.jpg,malignant
Blood cell Cancer [ALL]\Benign\Snap_062 (3).jpg,benign
Blood cell Cancer [ALL]\Benign\Snap_043.jpg,benign
Blood cell Cancer [ALL]\[Malignant] Pro-B\Snap_614.jpg,malignant
Blood cell Cancer [ALL]\[Malignant] early Pre-B\Snap1_043 (48).jpg,malignant
Blood cell Cancer [ALL]\[Malignant] Pre-B\Snap_341.jpg,malignant
Blood cell Cancer [ALL]\[Malignant] Pre-B\Snap_099 - Copy.jpg,malignant
Blood cell Cancer [ALL]\[Malignant] Pro-B\Snap_350.jpg,malignant
Blood cell Cancer [ALL]\[Malignant] Pro-B\Snap_036.jpg,malignant
Blood cell Cancer [ALL]\[Malignant] early Pre-B\Snp_147 (128).jpg,malignant
Blood cell Cancer [ALL]\[Malignant] early Pre-B\Snap_215.jpg,malignant
Blood cell Cancer [ALL]\[Malignant] Pro-B\Snap_652.jpg,malignant
Blood cell Cancer [ALL]\[Malignant] Pro-B\Snap_013.jpg,malignant
Blood cell Cancer [ALL]\[Malignant] Pro-B\Snap_080.jpg,malignant
Blood cell Cancer [ALL]\[Malignant] Pre-B\Snap_591.jpg,malignant
Blood cell Cancer [ALL]\[Malignant] Pre-B\Snap_641.jpg,malignant
Blood cell Cancer [ALL]\[Malignant] Pro-B\Snap_440.jpg,malignant
Blood cell Cancer [ALL]\[Malignant] early Pre-B\Snap_182.jpg,malignant
Blood cell Cancer [ALL]\[Malignant] early Pre-B\Snp_147 (47).jpg,malignant
Blood cell Cancer [ALL]\[Malignant] early Pre-B\Sap_148 (128).jpg,malignant
Blood cell Cancer [ALL]\[Malignant] Pro-B\Snap_037 - Copy.jpg,malignant
Blood cell Cancer [ALL]\[Malignant] early Pre-B\Snap_130 - Copy.jpg,malignant
Blood cell Cancer [ALL]\[Malignant] early Pre-B\Snp_147 (68).jpg,malignant
Blood cell Cancer [ALL]\[Malignant] Pre-B\Snap_083.jpg,malignant
Blood cell Cancer [ALL]\[Malignant] Pro-B\Snap_289.jpg,malignant
Blood cell Cancer [ALL]\[Malignant] early Pre-B\Snap_198 - Copy.jpg,malignant
Blood cell Cancer [ALL]\[Malignant] Pre-B\Snap_771.jpg,malignant
Blood cell Cancer [ALL]\[Malignant] Pre-B\Snap_291.jpg,malignant
Blood cell Cancer [ALL]\Benign\Snap_027 (2).jpg,benign
Blood cell Cancer [ALL]\[Malignant] early Pre-B\Sap_148 (121).jpg,malignant
Blood cell Cancer [ALL]\[Malignant] Pro-B\Snap_044.jpg,malignant
Blood cell Cancer [ALL]\[Malignant] Pre-B\Snap_730.jpg,malignant
Blood cell Cancer [ALL]\[Malignant] Pro-B\Snap_259.jpg,malignant
Blood cell Cancer [ALL]\[Malignant] Pro-B\Snap_208.jpg,malignant
Blood cell Cancer [ALL]\[Malignant] early Pre-B\Snp_147 (78).jpg,malignant
Blood cell Cancer [ALL]\[Malignant] early Pre-B\Snap_056.jpg,malignant
Blood cell Cancer [ALL]\[Malignant] Pro-B\Snap_665.jpg,malignant
Blood cell Cancer [ALL]\[Malignant] early Pre-B\Sap_148 (108).jpg,malignant
Blood cell Cancer [ALL]\[Malignant] early Pre-B\Snap_128.jpg,malignant
Blood cell Cancer [ALL]\[Malignant] Pre-B\Snap_404.jpg,malignant
Blood cell Cancer [ALL]\Benign\Snap_119 (3).jpg,benign
Blood cell Cancer [ALL]\Benign\Snap_030 (4).jpg,benign
Blood cell Cancer [ALL]\[Malignant] early Pre-B\Sap_148 (2).jpg,malignant
Blood cell Cancer [ALL]\Benign\Snap_085 (3).jpg,benign
Blood cell Cancer [ALL]\[Malignant] Pro-B\Snap_152 - Copy.jpg,malignant
Blood cell Cancer [ALL]\Benign\Sap_013 (28).jpg,benign
Blood cell Cancer [ALL]\Benign\Snap_043 (3).jpg,benign
Blood cell Cancer [ALL]\[Malignant] Pro-B\Snap_619.jpg,malignant
Blood cell Cancer [ALL]\[Malignant] Pro-B\Snap_246.jpg,malignant
Blood cell Cancer [ALL]\[Malignant] early Pre-B\Sn1ap_024 (29).jpg,malignant
Blood cell Cancer [ALL]\[Malignant] Pro-B\Snap_387.jpg,malignant
Blood cell Cancer [ALL]\[Malignant] Pro-B\Snap_311.jpg,malignant
Blood cell Cancer [ALL]\[Malignant] Pre-B\Snap_093 - Copy.jpg,malignant
Blood cell Cancer [ALL]\[Malignant] Pre-B\Snap_472.jpg,malignant
Blood cell Cancer [ALL]\[Malignant] Pre-B\Snap_467.jpg,malignant
Blood cell Cancer [ALL]\Benign\Snap_108 (3).jpg,benign
Blood cell Cancer [ALL]\[Malignant] Pre-B\Snap_216.jpg,malignant
Blood cell Cancer [ALL]\[Malignant] early Pre-B\Snap_012 - Copy.jpg,malignant
Blood cell Cancer [ALL]\[Malignant] Pre-B\Snap_807.jpg,malignant
Blood cell Cancer [ALL]\[Malignant] early Pre-B\Snap_243.jpg,malignant
Blood cell Cancer [ALL]\[Malignant] Pro-B\Snap_438.jpg,malignant
Blood cell Cancer [ALL]\[Malignant] Pre-B\Snap_514.jpg,malignant
Blood cell Cancer [ALL]\[Malignant] early Pre-B\Snap_082 - Copy.jpg,malignant
Blood cell Cancer [ALL]\[Malignant] early Pre-B\Snap_166.jpg,malignant
Blood cell Cancer [ALL]\[Malignant] Pre-B\Snap_256.jpg,malignant
Blood cell Cancer [ALL]\[Malignant] early Pre-B\Snap1_043 (47).jpg,malignant
Blood cell Cancer [ALL]\[Malignant] Pro-B\Snap_078 - Copy.jpg,malignant
Blood cell Cancer [ALL]\[Malignant] Pro-B\Snap_095 - Copy.jpg,malignant
Blood cell Cancer [ALL]\[Malignant] Pre-B\Snap_039.jpg,malignant
Blood cell Cancer [ALL]\[Malignant] Pro-B\Snap_116.jpg,malignant
Blood cell Cancer [ALL]\[Malignant] Pre-B\Snap_149.jpg,malignant
Blood cell Cancer [ALL]\[Malignant] Pre-B\Snap_156.jpg,malignant
Blood cell Cancer [ALL]\[Malignant] Pre-B\Snap_566.jpg,malignant
Blood cell Cancer [ALL]\[Malignant] early Pre-B\Snp_147 (132).jpg,malignant
Blood cell Cancer [ALL]\[Malignant] Pro-B\Snap_530.jpg,malignant
Blood cell Cancer [ALL]\[Malignant] early Pre-B\Snap_041 - Copy.jpg,malignant
Blood cell Cancer [ALL]\Benign\Sap_013 (35).jpg,benign
Blood cell Cancer [ALL]\[Malignant] early Pre-B\Snap_172 - Copy.jpg,malignant
Blood cell Cancer [ALL]\[Malignant] Pre-B\Snap_096.jpg,malignant
Blood cell Cancer [ALL]\[Malignant] Pro-B\Snap_589.jpg,malignant
Blood cell Cancer [ALL]\[Malignant] Pro-B\Snap_118.jpg,malignant
Blood cell Cancer [ALL]\[Malignant] Pro-B\Snap_559.jpg,malignant
Blood cell Cancer [ALL]\[Malignant] early Pre-B\Snap_032.jpg,malignant
Blood cell Cancer [ALL]\[Malignant] Pre-B\Snap_516.jpg,malignant
Blood cell Cancer [ALL]\Benign\Snap_120.jpg,benign
Blood cell Cancer [ALL]\[Malignant] Pro-B\Snap_149.jpg,malignant
Blood cell Cancer [ALL]\[Malignant] Pro-B\Snap_110.jpg,malignant
Blood cell Cancer [ALL]\[Malignant] early Pre-B\Snap_015 - Copy.jpg,malignant
Blood cell Cancer [ALL]\Benign\Snap_104 (3).jpg,benign
Blood cell Cancer [ALL]\Benign\Sap_013 (26).jpg,benign
Blood cell Cancer [ALL]\[Malignant] early Pre-B\Snap_188.jpg,malignant
Blood cell Cancer [ALL]\[Malignant] early Pre-B\Snp_147 (40).jpg,malignant
Blood cell Cancer [ALL]\[Malignant] Pre-B\Snap_393.jpg,malignant
Blood cell Cancer [ALL]\[Malignant] Pro-B\Snap_550.jpg,malignant
Blood cell Cancer [ALL]\[Malignant] Pro-B\Snap_129.jpg,malignant
Blood cell Cancer [ALL]\[Malignant] early Pre-B\Sap_148 (134).jpg,malignant
Blood cell Cancer [ALL]\[Malignant] Pre-B\Snap_017 - Copy.jpg,malignant
Blood cell Cancer [ALL]\[Malignant] Pre-B\Snap_302.jpg,malignant
Blood cell Cancer [ALL]\[Malignant] early Pre-B\Snap_116.jpg,malignant
Blood cell Cancer [ALL]\[Malignant] early Pre-B\Snap_050.jpg,malignant
Blood cell Cancer [ALL]\[Malignant] Pro-B\Snap_097.jpg,malignant
Blood cell Cancer [ALL]\[Malignant] Pre-B\Snap_047.jpg,malignant
Blood cell Cancer [ALL]\[Malignant] Pre-B\Snap_682.jpg,malignant
Blood cell Cancer [ALL]\[Malignant] early Pre-B\Sn1ap_024 (60).jpg,malignant
Blood cell Cancer [ALL]\[Malignant] Pro-B\Snap_192.jpg,malignant
Blood cell Cancer [ALL]\[Malignant] early Pre-B\Sn1ap_024 (15).jpg,malignant
Blood cell Cancer [ALL]\[Malignant] Pre-B\Snap_484.jpg,malignant
Blood cell Cancer [ALL]\[Malignant] early Pre-B\Snap_208.jpg,malignant
Blood cell Cancer [ALL]\[Malignant] Pre-B\Snap_664.jpg,malignant
Blood cell Cancer [ALL]\[Malignant] early Pre-B\Snap1_043 (72).jpg,malignant
Blood cell Cancer [ALL]\[Malignant] early Pre-B\Snap1_043 (6).jpg,malignant
Blood cell Cancer [ALL]\Benign\Snap_027 (4).jpg,benign
Blood cell Cancer [ALL]\[Malignant] early Pre-B\Snap_140.jpg,malignant
Blood cell Cancer [ALL]\[Malignant] early Pre-B\Snp_147 (93).jpg,malignant
Blood cell Cancer [ALL]\[Malignant] early Pre-B\Snap_130.jpg,malignant
Blood cell Cancer [ALL]\Benign\Snap_029.jpg,benign
Blood cell Cancer [ALL]\[Malignant] Pro-B\Snap_305.jpg,malignant
Blood cell Cancer [ALL]\[Malignant] Pre-B\Snap_010 - Copy.jpg,malignant
Blood cell Cancer [ALL]\[Malignant] early Pre-B\Sap_148 (39).jpg,malignant
Blood cell Cancer [ALL]\[Malignant] early Pre-B\Snap_233.jpg,malignant
Blood cell Cancer [ALL]\[Malignant] Pro-B\Snap_480.jpg,malignant
Blood cell Cancer [ALL]\[Malignant] Pre-B\Snap_108 - Copy.jpg,malignant
Blood cell Cancer [ALL]\[Malignant] early Pre-B\Snap1_043 (59).jpg,malignant
Blood cell Cancer [ALL]\[Malignant] early Pre-B\Snap_120.jpg,malignant
Blood cell Cancer [ALL]\[Malignant] early Pre-B\Snp_147 (21).jpg,malignant
Blood cell Cancer [ALL]\[Malignant] early Pre-B\Snap1_043 (30).jpg,malignant
Blood cell Cancer [ALL]\[Malignant] Pro-B\Snap_508.jpg,malignant
Blood cell Cancer [ALL]\[Malignant] Pre-B\Snap_487.jpg,malignant
Blood cell Cancer [ALL]\[Malignant] early Pre-B\Snap_067.jpg,malignant
Blood cell Cancer [ALL]\[Malignant] early Pre-B\Sn1ap_024 (10).jpg,malignant
Blood cell Cancer [ALL]\[Malignant] Pro-B\Snap_320.jpg,malignant
Blood cell Cancer [ALL]\[Malignant] Pro-B\Snap_128.jpg,malignant
Blood cell Cancer [ALL]\[Malignant] Pre-B\Snap_130 - Copy.jpg,malignant
Blood cell Cancer [ALL]\[Malignant] Pro-B\Snap_452.jpg,malignant
Blood cell Cancer [ALL]\[Malignant] early Pre-B\Snp_147 (120).jpg,malignant
Blood cell Cancer [ALL]\[Malignant] early Pre-B\Snap_054.jpg,malignant
Blood cell Cancer [ALL]\[Malignant] Pro-B\Snap_319.jpg,malignant
Blood cell Cancer [ALL]\[Malignant] Pre-B\Snap_769.jpg,malignant
Blood cell Cancer [ALL]\[Malignant] Pro-B\Snap_640.jpg,malignant
Blood cell Cancer [ALL]\Benign\Snap_016 (3).jpg,benign
Blood cell Cancer [ALL]\[Malignant] early Pre-B\Snp_147 (136).jpg,malignant
Blood cell Cancer [ALL]\Benign\Snap_022 (2).jpg,benign
Blood cell Cancer [ALL]\[Malignant] early Pre-B\Snap_0233 (15).jpg,malignant
Blood cell Cancer [ALL]\[Malignant] Pre-B\Snap_549.jpg,malignant
Blood cell Cancer [ALL]\[Malignant] Pro-B\Snap_573.jpg,malignant
Blood cell Cancer [ALL]\[Malignant] Pre-B\Snap_200.jpg,malignant
Blood cell Cancer [ALL]\[Malignant] Pro-B\Snap_503.jpg,malignant
Blood cell Cancer [ALL]\[Malignant] Pro-B\Snap_335.jpg,malignant
Blood cell Cancer [ALL]\[Malignant] early Pre-B\Sap_148 (21).jpg,malignant
Blood cell Cancer [ALL]\[Malignant] early Pre-B\Snap_094.jpg,malignant
Blood cell Cancer [ALL]\[Malignant] early Pre-B\Snap_112.jpg,malignant
Blood cell Cancer [ALL]\Benign\Snap_110 (3).jpg,benign
Blood cell Cancer [ALL]\[Malignant] early Pre-B\Sap_148 (54).jpg,malignant
Blood cell Cancer [ALL]\Benign\Snap_076.jpg,benign
Blood cell Cancer [ALL]\[Malignant] early Pre-B\Snap_231 - Copy.jpg,malignant
Blood cell Cancer [ALL]\[Malignant] Pro-B\Snap_211.jpg,malignant
Blood cell Cancer [ALL]\[Malignant] early Pre-B\Snap_293.jpg,malignant
Blood cell Cancer [ALL]\[Malignant] Pre-B\Snap_031.jpg,malignant
Blood cell Cancer [ALL]\[Malignant] Pre-B\Snap_724.jpg,malignant
Blood cell Cancer [ALL]\[Malignant] Pro-B\Snap_396.jpg,malignant
Blood cell Cancer [ALL]\Benign\Snap_115 (3).jpg,benign
Blood cell Cancer [ALL]\Benign\Snap_002 (2).jpg,benign
Blood cell Cancer [ALL]\[Malignant] Pre-B\Snap_339.jpg,malignant
Blood cell Cancer [ALL]\[Malignant] early Pre-B\Snap_249.jpg,malignant
Blood cell Cancer [ALL]\[Malignant] Pre-B\Snap_741.jpg,malignant
Blood cell Cancer [ALL]\[Malignant] early Pre-B\Sap_148 (113).jpg,malignant
Blood cell Cancer [ALL]\[Malignant] Pre-B\Snap_624.jpg,malignant
Blood cell Cancer [ALL]\Benign\Snap_068 (3).jpg,benign
Blood cell Cancer [ALL]\[Malignant] Pro-B\Snap_709.jpg,malignant
Blood cell Cancer [ALL]\[Malignant] early Pre-B\Snap_022.jpg,malignant
Blood cell Cancer [ALL]\[Malignant] Pre-B\Snap_796.jpg,malignant
Blood cell Cancer [ALL]\[Malignant] early Pre-B\Snap_002.jpg,malignant
Blood cell Cancer [ALL]\[Malignant] Pre-B\Snap_794.jpg,malignant
Blood cell Cancer [ALL]\[Malignant] early Pre-B\Snap_233 - Copy.jpg,malignant
Blood cell Cancer [ALL]\[Malignant] Pre-B\Snap_019 - Copy.jpg,malignant
Blood cell Cancer [ALL]\[Malignant] Pre-B\Snap_546.jpg,malignant
Blood cell Cancer [ALL]\[Malignant] Pro-B\Snap_718.jpg,malignant
Blood cell Cancer [ALL]\[Malignant] Pre-B\Snap_088.jpg,malignant
Blood cell Cancer [ALL]\[Malignant] early Pre-B\Snp_147 (147).jpg,malignant
Blood cell Cancer [ALL]\[Malignant] Pre-B\Snap_218.jpg,malignant
Blood cell Cancer [ALL]\[Malignant] early Pre-B\Snap_011 - Copy.jpg,malignant
Blood cell Cancer [ALL]\[Malignant] early Pre-B\Sap_148 (43).jpg,malignant
Blood cell Cancer [ALL]\Benign\Snap_179.jpg,benign
Blood cell Cancer [ALL]\[Malignant] early Pre-B\Sap_148 (51).jpg,malignant
Blood cell Cancer [ALL]\[Malignant] early Pre-B\Snap_084.jpg,malignant
Blood cell Cancer [ALL]\Benign\Snap_002.jpg,benign
Blood cell Cancer [ALL]\Benign\Snap_099 (2).jpg,benign
Blood cell Cancer [ALL]\[Malignant] Pre-B\Snap_042.jpg,malignant
Blood cell Cancer [ALL]\Benign\Snap_051.jpg,benign
Blood cell Cancer [ALL]\[Malignant] early Pre-B\Snap_166 - Copy.jpg,malignant
Blood cell Cancer [ALL]\[Malignant] Pre-B\Snap_578.jpg,malignant
Blood cell Cancer [ALL]\[Malignant] early Pre-B\Snap1_043 (44).jpg,malignant
Blood cell Cancer [ALL]\[Malignant] Pro-B\Snap_671.jpg,malignant
Blood cell Cancer [ALL]\[Malignant] Pre-B\Snap_528.jpg,malignant
Blood cell Cancer [ALL]\[Malignant] Pre-B\Snap_692.jpg,malignant
Blood cell Cancer [ALL]\[Malignant] Pro-B\Snap_502.jpg,malignant
Blood cell Cancer [ALL]\Benign\Sap_013 (31).jpg,benign
Blood cell Cancer [ALL]\[Malignant] early Pre-B\Sap_148 (127).jpg,malignant
Blood cell Cancer [ALL]\[Malignant] Pre-B\Snap_642.jpg,malignant
Blood cell Cancer [ALL]\[Malignant] Pre-B\Snap_602.jpg,malignant
Blood cell Cancer [ALL]\[Malignant] Pre-B\Snap_519.jpg,malignant
Blood cell Cancer [ALL]\[Malignant] Pro-B\Snap_525.jpg,malignant
Blood cell Cancer [ALL]\[Malignant] Pre-B\Snap_009 - Copy.jpg,malignant
Blood cell Cancer [ALL]\[Malignant] Pre-B\Snap_424.jpg,malignant
Blood cell Cancer [ALL]\[Malignant] early Pre-B\Snap_072 - Copy.jpg,malignant
Blood cell Cancer [ALL]\[Malignant] early Pre-B\Snp_147 (29).jpg,malignant
Blood cell Cancer [ALL]\[Malignant] Pro-B\Snap_445.jpg,malignant
Blood cell Cancer [ALL]\[Malignant] Pre-B\Snap_406.jpg,malignant
Blood cell Cancer [ALL]\[Malignant] early Pre-B\Snap1_043 (35).jpg,malignant
Blood cell Cancer [ALL]\[Malignant] Pre-B\Snap_548.jpg,malignant
Blood cell Cancer [ALL]\Benign\Snap_181.jpg,benign
Blood cell Cancer [ALL]\[Malignant] Pre-B\Snap_211.jpg,malignant
Blood cell Cancer [ALL]\[Malignant] Pre-B\Snap_141.jpg,malignant
Blood cell Cancer [ALL]\[Malignant] Pre-B\Snap_495.jpg,malignant
Blood cell Cancer [ALL]\[Malignant] early Pre-B\Snp_147 (117).jpg,malignant
Blood cell Cancer [ALL]\Benign\Snap_044 (3).jpg,benign
Blood cell Cancer [ALL]\Benign\Snap_074 (3).jpg,benign
Blood cell Cancer [ALL]\[Malignant] Pro-B\Snap_023 - Copy.jpg,malignant
Blood cell Cancer [ALL]\[Malignant] early Pre-B\Snap_104.jpg,malignant
Blood cell Cancer [ALL]\[Malignant] Pro-B\Snap_221.jpg,malignant
Blood cell Cancer [ALL]\[Malignant] Pro-B\Snap_268.jpg,malignant
Blood cell Cancer [ALL]\[Malignant] Pre-B\Snap_311.jpg,malignant
Blood cell Cancer [ALL]\[Malignant] early Pre-B\Sap_148 (78).jpg,malignant
Blood cell Cancer [ALL]\[Malignant] Pre-B\Snap_405.jpg,malignant
Blood cell Cancer [ALL]\Benign\Snap_050.jpg,benign
Blood cell Cancer [ALL]\[Malignant] Pro-B\Snap_463.jpg,malignant
Blood cell Cancer [ALL]\[Malignant] early Pre-B\Sap_148 (49).jpg,malignant
Blood cell Cancer [ALL]\[Malignant] Pro-B\Snap_667.jpg,malignant
Blood cell Cancer [ALL]\[Malignant] Pre-B\Snap_098 - Copy.jpg,malignant
Blood cell Cancer [ALL]\[Malignant] early Pre-B\Snp_147 (64).jpg,malignant
Blood cell Cancer [ALL]\[Malignant] Pro-B\Snap_313.jpg,malignant
Blood cell Cancer [ALL]\[Malignant] early Pre-B\Snap_256.jpg,malignant
Blood cell Cancer [ALL]\[Malignant] Pro-B\Snap_623.jpg,malignant
Blood cell Cancer [ALL]\[Malignant] early Pre-B\Snap1_043 (23).jpg,malignant
Blood cell Cancer [ALL]\[Malignant] early Pre-B\Snap_236 - Copy.jpg,malignant
Blood cell Cancer [ALL]\[Malignant] Pre-B\Snap_347.jpg,malignant
Blood cell Cancer [ALL]\[Malignant] Pro-B\Snap_299.jpg,malignant
Blood cell Cancer [ALL]\[Malignant] early Pre-B\Snap_024 - Copy.jpg,malignant
Blood cell Cancer [ALL]\[Malignant] Pro-B\Snap_621.jpg,malignant
Blood cell Cancer [ALL]\[Malignant] early Pre-B\Sap_148 (35).jpg,malignant
Blood cell Cancer [ALL]\Benign\Snap_029 (2).jpg,benign
Blood cell Cancer [ALL]\[Malignant] early Pre-B\Sap_148 (55).jpg,malignant
Blood cell Cancer [ALL]\[Malignant] Pre-B\Snap_048.jpg,malignant
Blood cell Cancer [ALL]\[Malignant] early Pre-B\Sap_148 (150).jpg,malignant
Blood cell Cancer [ALL]\Benign\Snap_174.jpg,benign
Blood cell Cancer [ALL]\[Malignant] Pre-B\Snap_345.jpg,malignant
Blood cell Cancer [ALL]\[Malignant] Pro-B\Snap_507.jpg,malignant
Blood cell Cancer [ALL]\[Malignant] Pre-B\Snap_040.jpg,malignant
Blood cell Cancer [ALL]\[Malignant] Pre-B\Snap_375.jpg,malignant
Blood cell Cancer [ALL]\[Malignant] Pro-B\Snap_202.jpg,malignant
Blood cell Cancer [ALL]\[Malignant] Pro-B\Snap_753.jpg,malignant
Blood cell Cancer [ALL]\Benign\Snap_122 (3).jpg,benign
Blood cell Cancer [ALL]\[Malignant] early Pre-B\Snap_147.jpg,malignant
Blood cell Cancer [ALL]\[Malignant] Pro-B\Snap_749.jpg,malignant
Blood cell Cancer [ALL]\[Malignant] Pre-B\Snap_820.jpg,malignant
Blood cell Cancer [ALL]\Benign\Snap_005 (2).jpg,benign
Blood cell Cancer [ALL]\[Malignant] early Pre-B\Snp_147 (10).jpg,malignant
Blood cell Cancer [ALL]\[Malignant] Pre-B\Snap_090 - Copy.jpg,malignant
Blood cell Cancer [ALL]\[Malignant] early Pre-B\Sn1ap_024 (27).jpg,malignant
Blood cell Cancer [ALL]\[Malignant] Pre-B\Snap_767.jpg,malignant
Blood cell Cancer [ALL]\Benign\Snap_093.jpg,benign
Blood cell Cancer [ALL]\[Malignant] early Pre-B\Sn1ap_024 (50).jpg,malignant
Blood cell Cancer [ALL]\[Malignant] Pro-B\Snap_318.jpg,malignant
Blood cell Cancer [ALL]\[Malignant] early Pre-B\Snap1_043 (29).jpg,malignant
Blood cell Cancer [ALL]\[Malignant] Pre-B\Snap_496.jpg,malignant
Blood cell Cancer [ALL]\[Malignant] early Pre-B\Snap_0233 (20).jpg,malignant
Blood cell Cancer [ALL]\Benign\Snap_112.jpg,benign
Blood cell Cancer [ALL]\[Malignant] early Pre-B\Sn1ap_024 (53).jpg,malignant
Blood cell Cancer [ALL]\[Malignant] Pro-B\Snap_370.jpg,malignant
Blood cell Cancer [ALL]\[Malignant] Pre-B\Snasp_009.jpg,malignant
Blood cell Cancer [ALL]\[Malignant] Pre-B\Snap_420.jpg,malignant
Blood cell Cancer [ALL]\[Malignant] Pre-B\Snap_098.jpg,malignant
Blood cell Cancer [ALL]\Benign\Snap_136.jpg,benign
Blood cell Cancer [ALL]\[Malignant] Pre-B\Snap_074.jpg,malignant
Blood cell Cancer [ALL]\[Malignant] Pro-B\Snap_618.jpg,malignant
Blood cell Cancer [ALL]\Benign\Snap_090.jpg,benign
Blood cell Cancer [ALL]\[Malignant] Pre-B\Snap_055 - Copy.jpg,malignant
Blood cell Cancer [ALL]\[Malignant] Pro-B\Snap_083.jpg,malignant
Blood cell Cancer [ALL]\[Malignant] early Pre-B\Snap_124 - Copy.jpg,malignant
Blood cell Cancer [ALL]\[Malignant] early Pre-B\Snap_071.jpg,malignant
Blood cell Cancer [ALL]\[Malignant] early Pre-B\Snap_088.jpg,malignant
Blood cell Cancer [ALL]\[Malignant] Pro-B\Snap_178.jpg,malignant
Blood cell Cancer [ALL]\[Malignant] early Pre-B\Sap_148 (80).jpg,malignant
Blood cell Cancer [ALL]\[Malignant] Pre-B\Snap_810.jpg,malignant
Blood cell Cancer [ALL]\[Malignant] early Pre-B\Snp_147 (106).jpg,malignant
Blood cell Cancer [ALL]\[Malignant] early Pre-B\Snap_227 - Copy.jpg,malignant
Blood cell Cancer [ALL]\[Malignant] Pre-B\Snap_097 - Copy.jpg,malignant
Blood cell Cancer [ALL]\[Malignant] Pre-B\Snap_417.jpg,malignant
Blood cell Cancer [ALL]\[Malignant] Pre-B\Snap_310.jpg,malignant
Blood cell Cancer [ALL]\[Malignant] early Pre-B\Sap_148 (97).jpg,malignant
Blood cell Cancer [ALL]\[Malignant] Pre-B\Snap_470.jpg,malignant
Blood cell Cancer [ALL]\[Malignant] Pre-B\Snap_069 - Copy.jpg,malignant
Blood cell Cancer [ALL]\Benign\Snap_063.jpg,benign
Blood cell Cancer [ALL]\[Malignant] Pre-B\Snap_505.jpg,malignant
Blood cell Cancer [ALL]\[Malignant] Pre-B\Snap_193.jpg,malignant
Blood cell Cancer [ALL]\[Malignant] Pre-B\Snap_760.jpg,malignant
Blood cell Cancer [ALL]\[Malignant] early Pre-B\Snp_147 (65).jpg,malignant
Blood cell Cancer [ALL]\[Malignant] early Pre-B\Sap_148 (90).jpg,malignant
Blood cell Cancer [ALL]\[Malignant] early Pre-B\Snap_145 - Copy.jpg,malignant
Blood cell Cancer [ALL]\[Malignant] early Pre-B\Snap_076.jpg,malignant
Blood cell Cancer [ALL]\[Malignant] Pro-B\Snap_007.jpg,malignant
Blood cell Cancer [ALL]\Benign\Snap_037 (2).jpg,benign
Blood cell Cancer [ALL]\Benign\Snap_066.jpg,benign
Blood cell Cancer [ALL]\[Malignant] Pre-B\Snap_313.jpg,malignant
Blood cell Cancer [ALL]\[Malignant] Pro-B\Snap_053.jpg,malignant
Blood cell Cancer [ALL]\[Malignant] Pre-B\Snap_113 - Copy.jpg,malignant
Blood cell Cancer [ALL]\[Malignant] Pro-B\Snap_187.jpg,malignant
Blood cell Cancer [ALL]\[Malignant] Pro-B\Snap_079 - Copy.jpg,malignant
Blood cell Cancer [ALL]\Benign\Snap_157.jpg,benign
Blood cell Cancer [ALL]\[Malignant] early Pre-B\Snap_029.jpg,malignant
Blood cell Cancer [ALL]\[Malignant] Pro-B\Snap_639.jpg,malignant
Blood cell Cancer [ALL]\[Malignant] early Pre-B\Snap_203 - Copy.jpg,malignant
Blood cell Cancer [ALL]\[Malignant] Pro-B\Snap_216.jpg,malignant
Blood cell Cancer [ALL]\[Malignant] early Pre-B\Snap1_043 (55).jpg,malignant
Blood cell Cancer [ALL]\[Malignant] Pre-B\Snap_113.jpg,malignant
Blood cell Cancer [ALL]\[Malignant] Pro-B\Snap_615.jpg,malignant
Blood cell Cancer [ALL]\[Malignant] Pro-B\Snap_182.jpg,malignant
Blood cell Cancer [ALL]\[Malignant] Pre-B\Snap_051 - Copy.jpg,malignant
Blood cell Cancer [ALL]\[Malignant] Pre-B\Snap_041 - Copy.jpg,malignant
Blood cell Cancer [ALL]\[Malignant] Pre-B\Snap_469.jpg,malignant
Blood cell Cancer [ALL]\[Malignant] early Pre-B\Snp_147 (95).jpg,malignant
Blood cell Cancer [ALL]\Benign\Snap_024.jpg,benign
Blood cell Cancer [ALL]\[Malignant] early Pre-B\Sap_148 (20).jpg,malignant
Blood cell Cancer [ALL]\[Malignant] Pre-B\Snap_071.jpg,malignant
Blood cell Cancer [ALL]\Benign\Snap_038 (2).jpg,benign
Blood cell Cancer [ALL]\[Malignant] early Pre-B\Snap_155.jpg,malignant
Blood cell Cancer [ALL]\[Malignant] early Pre-B\Snap_0233 (5).jpg,malignant
Blood cell Cancer [ALL]\[Malignant] Pro-B\Snap_285.jpg,malignant
Blood cell Cancer [ALL]\[Malignant] early Pre-B\Snap_259.jpg,malignant
Blood cell Cancer [ALL]\[Malignant] early Pre-B\Snap_180.jpg,malignant
Blood cell Cancer [ALL]\Benign\Snap_062 (2).jpg,benign
Blood cell Cancer [ALL]\[Malignant] early Pre-B\Snap_150.jpg,malignant
Blood cell Cancer [ALL]\[Malignant] early Pre-B\Snap_254.jpg,malignant
Blood cell Cancer [ALL]\[Malignant] Pre-B\Snap_036 - Copy.jpg,malignant
Blood cell Cancer [ALL]\Benign\Snap_125.jpg,benign
Blood cell Cancer [ALL]\[Malignant] Pre-B\Snap_563.jpg,malignant
Blood cell Cancer [ALL]\[Malignant] Pre-B\Snap_011 - Copy.jpg,malignant
Blood cell Cancer [ALL]\[Malignant] Pro-B\Snap_534.jpg,malignant
Blood cell Cancer [ALL]\[Malignant] early Pre-B\Snp_147 (91).jpg,malignant
Blood cell Cancer [ALL]\[Malignant] Pro-B\Snap_397.jpg,malignant
Blood cell Cancer [ALL]\[Malignant] early Pre-B\Snap_127 - Copy.jpg,malignant
Blood cell Cancer [ALL]\[Malignant] Pre-B\Snap_418.jpg,malignant
Blood cell Cancer [ALL]\[Malignant] early Pre-B\Snap_111.jpg,malignant
Blood cell Cancer [ALL]\[Malignant] Pro-B\Snap_722.jpg,malignant
Blood cell Cancer [ALL]\[Malignant] early Pre-B\Snp_147 (1).jpg,malignant
Blood cell Cancer [ALL]\[Malignant] early Pre-B\Snp_147 (45).jpg,malignant
Blood cell Cancer [ALL]\[Malignant] early Pre-B\Snp_147 (43).jpg,malignant
Blood cell Cancer [ALL]\[Malignant] Pro-B\Snap_240.jpg,malignant
Blood cell Cancer [ALL]\[Malignant] early Pre-B\Sap_148 (22).jpg,malignant
Blood cell Cancer [ALL]\[Malignant] Pre-B\Snap_601.jpg,malignant
Blood cell Cancer [ALL]\[Malignant] early Pre-B\Snap_197 - Copy.jpg,malignant
Blood cell Cancer [ALL]\[Malignant] early Pre-B\Snp_147 (121).jpg,malignant
Blood cell Cancer [ALL]\[Malignant] Pre-B\Snap_695.jpg,malignant
Blood cell Cancer [ALL]\[Malignant] Pro-B\Snap_051.jpg,malignant
Blood cell Cancer [ALL]\[Malignant] Pro-B\Snap_273.jpg,malignant
Blood cell Cancer [ALL]\[Malignant] early Pre-B\Snap_170 - Copy.jpg,malignant
Blood cell Cancer [ALL]\[Malignant] early Pre-B\Snap_243 - Copy.jpg,malignant
Blood cell Cancer [ALL]\[Malignant] early Pre-B\Sn1ap_024 (11).jpg,malignant
Blood cell Cancer [ALL]\Benign\Snap_083 (2).jpg,benign
Blood cell Cancer [ALL]\Benign\Snap_007 (4).jpg,benign
Blood cell Cancer [ALL]\[Malignant] Pre-B\Snap_520.jpg,malignant
Blood cell Cancer [ALL]\[Malignant] early Pre-B\Snap_018.jpg,malignant
Blood cell Cancer [ALL]\[Malignant] early Pre-B\Snap_098 - Copy.jpg,malignant
Blood cell Cancer [ALL]\[Malignant] Pre-B\Snap_118.jpg,malignant
Blood cell Cancer [ALL]\[Malignant] Pro-B\Snap_145.jpg,malignant
Blood cell Cancer [ALL]\[Malignant] Pro-B\Snap_287.jpg,malignant
Blood cell Cancer [ALL]\[Malignant] early Pre-B\Snp_147 (69).jpg,malignant
Blood cell Cancer [ALL]\Benign\Snap_008.jpg,benign
Blood cell Cancer [ALL]\[Malignant] early Pre-B\Snap_171 - Copy.jpg,malignant
Blood cell Cancer [ALL]\[Malignant] early Pre-B\Sap_148 (132).jpg,malignant
Blood cell Cancer [ALL]\[Malignant] early Pre-B\Snp_147 (22).jpg,malignant
Blood cell Cancer [ALL]\Benign\Snap_087 (3).jpg,benign
Blood cell Cancer [ALL]\[Malignant] Pre-B\Snap_408.jpg,malignant
Blood cell Cancer [ALL]\[Malignant] early Pre-B\Sn1ap_024 (38).jpg,malignant
Blood cell Cancer [ALL]\[Malignant] Pre-B\Snap_186.jpg,malignant
Blood cell Cancer [ALL]\Benign\Snap_030 (2).jpg,benign
Blood cell Cancer [ALL]\[Malignant] early Pre-B\Sn1ap_024 (40).jpg,malignant
Blood cell Cancer [ALL]\[Malignant] Pro-B\Snap_264.jpg,malignant
Blood cell Cancer [ALL]\[Malignant] Pre-B\Snap_245.jpg,malignant
Blood cell Cancer [ALL]\[Malignant] Pre-B\Snap_651.jpg,malignant
Blood cell Cancer [ALL]\[Malignant] Pro-B\Snap_126.jpg,malignant
Blood cell Cancer [ALL]\[Malignant] Pre-B\Snap_270.jpg,malignant
Blood cell Cancer [ALL]\[Malignant] Pro-B\Snap_598.jpg,malignant
Blood cell Cancer [ALL]\[Malignant] Pre-B\Snap_756.jpg,malignant
Blood cell Cancer [ALL]\Benign\Snap_092 (2).jpg,benign
Blood cell Cancer [ALL]\[Malignant] Pre-B\Snap_227.jpg,malignant
Blood cell Cancer [ALL]\[Malignant] early Pre-B\Snp_147 (158).jpg,malignant
Blood cell Cancer [ALL]\[Malignant] Pre-B\Snap_058 - Copy.jpg,malignant
Blood cell Cancer [ALL]\[Malignant] Pre-B\Snap_779.jpg,malignant
Blood cell Cancer [ALL]\[Malignant] early Pre-B\Sap_148 (48).jpg,malignant
Blood cell Cancer [ALL]\[Malignant] early Pre-B\Sap_148 (118).jpg,malignant
Blood cell Cancer [ALL]\[Malignant] Pre-B\Snap_727.jpg,malignant
Blood cell Cancer [ALL]\[Malignant] Pre-B\Snap_073 - Copy.jpg,malignant
Blood cell Cancer [ALL]\[Malignant] Pre-B\Snap_044.jpg,malignant
Blood cell Cancer [ALL]\[Malignant] early Pre-B\Snap_009.jpg,malignant
Blood cell Cancer [ALL]\[Malignant] Pre-B\Snap_788.jpg,malignant
Blood cell Cancer [ALL]\[Malignant] early Pre-B\Snap_041.jpg,malignant
Blood cell Cancer [ALL]\[Malignant] Pro-B\Snap_103.jpg,malignant
Blood cell Cancer [ALL]\[Malignant] Pre-B\Snap_224.jpg,malignant
Blood cell Cancer [ALL]\Benign\Snap_034.jpg,benign
Blood cell Cancer [ALL]\[Malignant] early Pre-B\Snap_033.jpg,malignant
Blood cell Cancer [ALL]\[Malignant] Pre-B\Snap_421.jpg,malignant
Blood cell Cancer [ALL]\[Malignant] Pro-B\Snap_316.jpg,malignant
Blood cell Cancer [ALL]\[Malignant] Pro-B\Snap_139 - Copy.jpg,malignant
Blood cell Cancer [ALL]\[Malignant] early Pre-B\Sap_148 (4).jpg,malignant
Blood cell Cancer [ALL]\[Malignant] early Pre-B\Snap_051.jpg,malignant
Blood cell Cancer [ALL]\[Malignant] Pro-B\Snap_303.jpg,malignant
Blood cell Cancer [ALL]\[Malignant] Pro-B\Snap_001.jpg,malignant
Blood cell Cancer [ALL]\[Malignant] Pro-B\Snap_068.jpg,malignant
Blood cell Cancer [ALL]\[Malignant] Pre-B\Snap_174.jpg,malignant
Blood cell Cancer [ALL]\[Malignant] Pro-B\Snap_109 - Copy.jpg,malignant
Blood cell Cancer [ALL]\[Malignant] Pro-B\Snap_655.jpg,malignant
Blood cell Cancer [ALL]\Benign\Snap_063 (2).jpg,benign
Blood cell Cancer [ALL]\[Malignant] early Pre-B\Snap_177 - Copy.jpg,malignant
Blood cell Cancer [ALL]\[Malignant] early Pre-B\Snp_147 (76).jpg,malignant
Blood cell Cancer [ALL]\[Malignant] Pre-B\Snap_672.jpg,malignant
Blood cell Cancer [ALL]\[Malignant] Pre-B\Snap_629.jpg,malignant
Blood cell Cancer [ALL]\[Malignant] early Pre-B\Snp_147 (122).jpg,malignant
Blood cell Cancer [ALL]\Benign\Snap_109 (2).jpg,benign
Blood cell Cancer [ALL]\Benign\Snap_009 (4).jpg,benign
Blood cell Cancer [ALL]\[Malignant] early Pre-B\Sap_148 (68).jpg,malignant
Blood cell Cancer [ALL]\[Malignant] early Pre-B\Snap_107.jpg,malignant
Blood cell Cancer [ALL]\[Malignant] early Pre-B\Snap_131 - Copy.jpg,malignant
Blood cell Cancer [ALL]\[Malignant] Pro-B\Snap_447.jpg,malignant
Blood cell Cancer [ALL]\[Malignant] early Pre-B\Snp_147 (99).jpg,malignant
Blood cell Cancer [ALL]\[Malignant] early Pre-B\Snp_147 (17).jpg,malignant
Blood cell Cancer [ALL]\[Malignant] early Pre-B\Snap_144.jpg,malignant
Blood cell Cancer [ALL]\Benign\Snap_012 (4).jpg,benign
Blood cell Cancer [ALL]\[Malignant] Pro-B\Snap_535.jpg,malignant
Blood cell Cancer [ALL]\[Malignant] early Pre-B\Snap1_043 (34).jpg,malignant
Blood cell Cancer [ALL]\Benign\Snap_116 (2).jpg,benign
Blood cell Cancer [ALL]\[Malignant] Pre-B\Snap_044 - Copy.jpg,malignant
Blood cell Cancer [ALL]\Benign\Snap_009.jpg,benign
Blood cell Cancer [ALL]\[Malignant] early Pre-B\Sap_148 (112).jpg,malignant
Blood cell Cancer [ALL]\[Malignant] early Pre-B\Snap_224 - Copy.jpg,malignant
Blood cell Cancer [ALL]\[Malignant] early Pre-B\Snap_220 - Copy.jpg,malignant
Blood cell Cancer [ALL]\[Malignant] early Pre-B\Sap_148 (64).jpg,malignant
Blood cell Cancer [ALL]\[Malignant] Pro-B\Snap_352.jpg,malignant
Blood cell Cancer [ALL]\[Malignant] Pro-B\Snap_616.jpg,malignant
Blood cell Cancer [ALL]\Benign\Snap_098 (2).jpg,benign
Blood cell Cancer [ALL]\[Malignant] Pre-B\Snap_091 - Copy.jpg,malignant
Blood cell Cancer [ALL]\[Malignant] Pre-B\Snap_477.jpg,malignant
Blood cell Cancer [ALL]\[Malignant] early Pre-B\Sn1ap_024 (58).jpg,malignant
Blood cell Cancer [ALL]\Benign\Snap_014 (2).jpg,benign
Blood cell Cancer [ALL]\Benign\Snap_069 (3).jpg,benign
Blood cell Cancer [ALL]\[Malignant] Pre-B\Snap_084.jpg,malignant
Blood cell Cancer [ALL]\[Malignant] Pre-B\Snap_550.jpg,malignant
Blood cell Cancer [ALL]\[Malignant] Pro-B\Snap_256.jpg,malignant
Blood cell Cancer [ALL]\Benign\Snap_166.jpg,benign
Blood cell Cancer [ALL]\[Malignant] Pro-B\Snap_163.jpg,malignant
Blood cell Cancer [ALL]\[Malignant] Pre-B\Snap_643.jpg,malignant
Blood cell Cancer [ALL]\[Malignant] early Pre-B\Snap_087 - Copy.jpg,malignant
Blood cell Cancer [ALL]\[Malignant] Pro-B\Snap_072.jpg,malignant
Blood cell Cancer [ALL]\[Malignant] Pre-B\Snap_005 - Copy.jpg,malignant
Blood cell Cancer [ALL]\[Malignant] Pre-B\Snap_125.jpg,malignant
Blood cell Cancer [ALL]\[Malignant] Pre-B\Snap_147.jpg,malignant
Blood cell Cancer [ALL]\[Malignant] Pre-B\Snap_761.jpg,malignant
Blood cell Cancer [ALL]\[Malignant] early Pre-B\Snap_051 - Copy.jpg,malignant
Blood cell Cancer [ALL]\[Malignant] Pre-B\Snap_154.jpg,malignant
Blood cell Cancer [ALL]\[Malignant] early Pre-B\Sn1ap_024 (3).jpg,malignant
Blood cell Cancer [ALL]\[Malignant] Pre-B\Snap_493.jpg,malignant
Blood cell Cancer [ALL]\[Malignant] Pre-B\Snap_640.jpg,malignant
Blood cell Cancer [ALL]\[Malignant] Pre-B\Snap_777.jpg,malignant
Blood cell Cancer [ALL]\[Malignant] Pre-B\Snap_473.jpg,malignant
Blood cell Cancer [ALL]\[Malignant] Pro-B\Snap_613.jpg,malignant
Blood cell Cancer [ALL]\Benign\Snap_026 (3).jpg,benign
Blood cell Cancer [ALL]\[Malignant] Pre-B\Snap_112.jpg,malignant
Blood cell Cancer [ALL]\[Malignant] early Pre-B\Snp_147 (155).jpg,malignant
Blood cell Cancer [ALL]\Benign\Snap_036.jpg,benign
Blood cell Cancer [ALL]\[Malignant] early Pre-B\Snp_147 (81).jpg,malignant
Blood cell Cancer [ALL]\[Malignant] Pre-B\Snap_208.jpg,malignant
Blood cell Cancer [ALL]\[Malignant] Pre-B\Snap_758.jpg,malignant
Blood cell Cancer [ALL]\Benign\Snap_165.jpg,benign
Blood cell Cancer [ALL]\[Malignant] Pre-B\Snap_104 - Copy.jpg,malignant
Blood cell Cancer [ALL]\[Malignant] Pro-B\Snap_479.jpg,malignant
Blood cell Cancer [ALL]\Benign\Sap_013 (12).jpg,benign
Blood cell Cancer [ALL]\[Malignant] Pro-B\Snap_411.jpg,malignant
Blood cell Cancer [ALL]\[Malignant] Pro-B\Snap_627.jpg,malignant
Blood cell Cancer [ALL]\Benign\Snap_076 (3).jpg,benign
Blood cell Cancer [ALL]\[Malignant] early Pre-B\Snap1_043 (20).jpg,malignant
Blood cell Cancer [ALL]\[Malignant] Pro-B\Snap_645.jpg,malignant
Blood cell Cancer [ALL]\[Malignant] Pre-B\Snap_413.jpg,malignant
Blood cell Cancer [ALL]\[Malignant] Pre-B\Snap_654.jpg,malignant
Blood cell Cancer [ALL]\[Malignant] early Pre-B\Snap_091 - Copy.jpg,malignant
Blood cell Cancer [ALL]\[Malignant] Pre-B\Snap_456.jpg,malignant
Blood cell Cancer [ALL]\[Malignant] early Pre-B\Snap_212 - Copy.jpg,malignant
Blood cell Cancer [ALL]\[Malignant] early Pre-B\Snp_147 (13).jpg,malignant
Blood cell Cancer [ALL]\[Malignant] Pre-B\Snap_804.jpg,malignant
Blood cell Cancer [ALL]\[Malignant] early Pre-B\Snp_147 (149).jpg,malignant
Blood cell Cancer [ALL]\[Malignant] Pre-B\Snap_292.jpg,malignant
Blood cell Cancer [ALL]\[Malignant] Pre-B\Snap_635.jpg,malignant
Blood cell Cancer [ALL]\[Malignant] Pre-B\Snap_668.jpg,malignant
Blood cell Cancer [ALL]\[Malignant] Pro-B\Snap_529.jpg,malignant
Blood cell Cancer [ALL]\Benign\Snap_161.jpg,benign
Blood cell Cancer [ALL]\Benign\Snap_015.jpg,benign
Blood cell Cancer [ALL]\[Malignant] early Pre-B\Snap_176.jpg,malignant
Blood cell Cancer [ALL]\[Malignant] Pre-B\Snap_052 - Copy.jpg,malignant
Blood cell Cancer [ALL]\[Malignant] early Pre-B\Snap1_043 (12).jpg,malignant
Blood cell Cancer [ALL]\[Malignant] Pro-B\Snap_662.jpg,malignant
Blood cell Cancer [ALL]\[Malignant] early Pre-B\Sn1ap_024 (25).jpg,malignant
Blood cell Cancer [ALL]\[Malignant] early Pre-B\Snap_103.jpg,malignant
Blood cell Cancer [ALL]\[Malignant] Pre-B\Snap_739.jpg,malignant
Blood cell Cancer [ALL]\[Malignant] Pre-B\Snap_606.jpg,malignant
Blood cell Cancer [ALL]\[Malignant] Pro-B\Snap_331.jpg,malignant
Blood cell Cancer [ALL]\[Malignant] Pro-B\Snap_658.jpg,malignant
Blood cell Cancer [ALL]\[Malignant] Pro-B\Snap_167.jpg,malignant
Blood cell Cancer [ALL]\[Malignant] Pro-B\Snap_682.jpg,malignant
Blood cell Cancer [ALL]\[Malignant] early Pre-B\Snp_147 (125).jpg,malignant
Blood cell Cancer [ALL]\[Malignant] early Pre-B\Snap_164 - Copy.jpg,malignant
Blood cell Cancer [ALL]\[Malignant] Pro-B\Snap_696.jpg,malignant
Blood cell Cancer [ALL]\[Malignant] Pro-B\Snap_470.jpg,malignant
Blood cell Cancer [ALL]\[Malignant] early Pre-B\Snap_152 - Copy.jpg,malignant
Blood cell Cancer [ALL]\[Malignant] early Pre-B\Snap_277.jpg,malignant
Blood cell Cancer [ALL]\[Malignant] early Pre-B\Snap_093 - Copy.jpg,malignant
Blood cell Cancer [ALL]\[Malignant] Pre-B\Snap_323.jpg,malignant
Blood cell Cancer [ALL]\[Malignant] early Pre-B\Sn1ap_024 (59).jpg,malignant
Blood cell Cancer [ALL]\Benign\Snap_010 (4).jpg,benign
Blood cell Cancer [ALL]\[Malignant] early Pre-B\Snap1_043 (18).jpg,malignant
Blood cell Cancer [ALL]\[Malignant] Pro-B\Snap_087.jpg,malignant
Blood cell Cancer [ALL]\[Malignant] Pre-B\Snap_087.jpg,malignant
Blood cell Cancer [ALL]\[Malignant] early Pre-B\Snap_297.jpg,malignant
Blood cell Cancer [ALL]\[Malignant] Pro-B\Snap_473.jpg,malignant
Blood cell Cancer [ALL]\[Malignant] early Pre-B\Snap_102 - Copy.jpg,malignant
Blood cell Cancer [ALL]\[Malignant] early Pre-B\Sap_148 (7).jpg,malignant
Blood cell Cancer [ALL]\[Malignant] Pro-B\Snap_249.jpg,malignant
Blood cell Cancer [ALL]\[Malignant] Pre-B\Snap_127 - Copy.jpg,malignant
Blood cell Cancer [ALL]\[Malignant] Pro-B\Snap_177.jpg,malignant
Blood cell Cancer [ALL]\[Malignant] Pre-B\Snap_145.jpg,malignant
Blood cell Cancer [ALL]\Benign\Snap_155.jpg,benign
Blood cell Cancer [ALL]\[Malignant] Pre-B\Snap_126 - Copy.jpg,malignant
Blood cell Cancer [ALL]\[Malignant] early Pre-B\Snap_129 - Copy.jpg,malignant
Blood cell Cancer [ALL]\[Malignant] Pre-B\Snap_166.jpg,malignant
Blood cell Cancer [ALL]\Benign\Snap_019 (2).jpg,benign
Blood cell Cancer [ALL]\[Malignant] Pro-B\Snap_475.jpg,malignant
Blood cell Cancer [ALL]\Benign\Snap_004 (2).jpg,benign
Blood cell Cancer [ALL]\[Malignant] early Pre-B\Snap_295.jpg,malignant
Blood cell Cancer [ALL]\[Malignant] Pre-B\Snap_279.jpg,malignant
Blood cell Cancer [ALL]\Benign\Snap_133 (2).jpg,benign
Blood cell Cancer [ALL]\[Malignant] early Pre-B\Sap_148 (37).jpg,malignant
Blood cell Cancer [ALL]\[Malignant] early Pre-B\Snp_147 (80).jpg,malignant
Blood cell Cancer [ALL]\Benign\Snap_078.jpg,benign
Blood cell Cancer [ALL]\[Malignant] Pro-B\Snap_517.jpg,malignant
Blood cell Cancer [ALL]\[Malignant] Pro-B\Snap_721.jpg,malignant
Blood cell Cancer [ALL]\[Malignant] Pre-B\Snap_023.jpg,malignant
Blood cell Cancer [ALL]\[Malignant] Pro-B\Snap_653.jpg,malignant
Blood cell Cancer [ALL]\[Malignant] early Pre-B\Snap_114.jpg,malignant
Blood cell Cancer [ALL]\[Malignant] Pro-B\Snap_074.jpg,malignant
Blood cell Cancer [ALL]\[Malignant] early Pre-B\Snap_044 - Copy.jpg,malignant
Blood cell Cancer [ALL]\[Malignant] Pre-B\Snap_414.jpg,malignant
Blood cell Cancer [ALL]\[Malignant] Pro-B\Snap_088 - Copy.jpg,malignant
Blood cell Cancer [ALL]\[Malignant] Pro-B\Snap_043.jpg,malignant
Blood cell Cancer [ALL]\[Malignant] Pro-B\Snap_760.jpg,malignant
Blood cell Cancer [ALL]\[Malignant] early Pre-B\Snap_001.jpg,malignant
Blood cell Cancer [ALL]\[Malignant] Pre-B\Snap_673.jpg,malignant
Blood cell Cancer [ALL]\Benign\Snap_018 (2).jpg,benign
Blood cell Cancer [ALL]\[Malignant] Pre-B\Snap_001.jpg,malignant
Blood cell Cancer [ALL]\[Malignant] early Pre-B\Snap_242.jpg,malignant
Blood cell Cancer [ALL]\[Malignant] early Pre-B\Sap_148 (70).jpg,malignant
Blood cell Cancer [ALL]\[Malignant] Pro-B\Snap_666.jpg,malignant
Blood cell Cancer [ALL]\Benign\Snap_088.jpg,benign
Blood cell Cancer [ALL]\[Malignant] Pre-B\Snap_212.jpg,malignant
Blood cell Cancer [ALL]\[Malignant] Pre-B\Snap_439.jpg,malignant
Blood cell Cancer [ALL]\[Malignant] early Pre-B\Sap_148 (9).jpg,malignant
Blood cell Cancer [ALL]\[Malignant] early Pre-B\Sn1ap_024 (28).jpg,malignant
Blood cell Cancer [ALL]\[Malignant] Pre-B\Snap_032.jpg,malignant
Blood cell Cancer [ALL]\[Malignant] early Pre-B\Snap_090.jpg,malignant
Blood cell Cancer [ALL]\[Malignant] early Pre-B\Snap_223.jpg,malignant
Blood cell Cancer [ALL]\[Malignant] early Pre-B\Snap_183.jpg,malignant
Blood cell Cancer [ALL]\[Malignant] Pre-B\Snap_120 - Copy.jpg,malignant
Blood cell Cancer [ALL]\[Malignant] early Pre-B\Snap_080 - Copy.jpg,malignant
Blood cell Cancer [ALL]\[Malignant] Pro-B\Snap_067 - Copy.jpg,malignant
Blood cell Cancer [ALL]\[Malignant] early Pre-B\Snap_108 - Copy.jpg,malignant
Blood cell Cancer [ALL]\[Malignant] early Pre-B\Sap_148 (84).jpg,malignant
Blood cell Cancer [ALL]\[Malignant] Pro-B\Snap_734.jpg,malignant
Blood cell Cancer [ALL]\Benign\Snap_152.jpg,benign
Blood cell Cancer [ALL]\[Malignant] early Pre-B\Sn1ap_024 (42).jpg,malignant
Blood cell Cancer [ALL]\[Malignant] Pre-B\Snap_035.jpg,malignant
Blood cell Cancer [ALL]\[Malignant] early Pre-B\Sap_148 (3).jpg,malignant
Blood cell Cancer [ALL]\[Malignant] Pre-B\Snap_264.jpg,malignant
Blood cell Cancer [ALL]\Benign\Snap_159.jpg,benign
Blood cell Cancer [ALL]\[Malignant] Pre-B\Snap_745.jpg,malignant
Blood cell Cancer [ALL]\[Malignant] Pre-B\Snap_116.jpg,malignant
Blood cell Cancer [ALL]\[Malignant] Pro-B\Snap_267.jpg,malignant
Blood cell Cancer [ALL]\[Malignant] Pro-B\Snap_590.jpg,malignant
Blood cell Cancer [ALL]\[Malignant] Pro-B\Snap_021.jpg,malignant
Blood cell Cancer [ALL]\Benign\Snap_091 (3).jpg,benign
Blood cell Cancer [ALL]\[Malignant] Pro-B\Snap_071.jpg,malignant
Blood cell Cancer [ALL]\[Malignant] early Pre-B\Snp_147 (72).jpg,malignant
Blood cell Cancer [ALL]\[Malignant] early Pre-B\Sap_148 (23).jpg,malignant
Blood cell Cancer [ALL]\Benign\Snap_083 (3).jpg,benign
Blood cell Cancer [ALL]\[Malignant] Pre-B\Snap_805.jpg,malignant
Blood cell Cancer [ALL]\[Malignant] Pro-B\Snap_327.jpg,malignant
Blood cell Cancer [ALL]\Benign\Snap_067.jpg,benign
Blood cell Cancer [ALL]\[Malignant] Pro-B\Snap_111.jpg,malignant
Blood cell Cancer [ALL]\[Malignant] Pre-B\Snap_089 - Copy.jpg,malignant
Blood cell Cancer [ALL]\[Malignant] Pro-B\Snap_174.jpg,malignant
Blood cell Cancer [ALL]\[Malignant] Pro-B\Snap_101 - Copy.jpg,malignant
Blood cell Cancer [ALL]\[Malignant] early Pre-B\Snap_092 - Copy.jpg,malignant
Blood cell Cancer [ALL]\[Malignant] early Pre-B\Snp_147 (144).jpg,malignant
Blood cell Cancer [ALL]\[Malignant] Pro-B\Snap_059.jpg,malignant
Blood cell Cancer [ALL]\[Malignant] early Pre-B\Snap_193 - Copy.jpg,malignant
Blood cell Cancer [ALL]\[Malignant] Pre-B\Snap_046.jpg,malignant
Blood cell Cancer [ALL]\[Malignant] early Pre-B\Snap_100.jpg,malignant
Blood cell Cancer [ALL]\[Malignant] early Pre-B\Snp_147 (151).jpg,malignant
Blood cell Cancer [ALL]\[Malignant] Pro-B\Snap_144.jpg,malignant
Blood cell Cancer [ALL]\[Malignant] early Pre-B\Sap_148 (140).jpg,malignant
Blood cell Cancer [ALL]\Benign\Snap_109.jpg,benign
Blood cell Cancer [ALL]\[Malignant] early Pre-B\Snap_211.jpg,malignant
Blood cell Cancer [ALL]\[Malignant] Pre-B\Snap_094 - Copy.jpg,malignant
Blood cell Cancer [ALL]\[Malignant] early Pre-B\Snap_136 - Copy.jpg,malignant
Blood cell Cancer [ALL]\[Malignant] early Pre-B\Snap_066.jpg,malignant
Blood cell Cancer [ALL]\[Malignant] early Pre-B\Snp_147 (70).jpg,malignant
Blood cell Cancer [ALL]\[Malignant] Pro-B\Snap_456.jpg,malignant
Blood cell Cancer [ALL]\Benign\Sap_013 (44).jpg,benign
Blood cell Cancer [ALL]\[Malignant] Pro-B\Snap_110 - Copy.jpg,malignant
Blood cell Cancer [ALL]\[Malignant] Pre-B\Snap_398.jpg,malignant
Blood cell Cancer [ALL]\[Malignant] early Pre-B\Snap_235.jpg,malignant
Blood cell Cancer [ALL]\[Malignant] early Pre-B\Snap_008 - Copy.jpg,malignant
Blood cell Cancer [ALL]\[Malignant] Pro-B\Snap_025 - Copy.jpg,malignant
Blood cell Cancer [ALL]\Benign\Snap_042 (2).jpg,benign
Blood cell Cancer [ALL]\[Malignant] early Pre-B\Snap_271.jpg,malignant
Blood cell Cancer [ALL]\[Malignant] Pre-B\Snap_763.jpg,malignant
Blood cell Cancer [ALL]\[Malignant] early Pre-B\Snap1_043 (10).jpg,malignant
Blood cell Cancer [ALL]\[Malignant] early Pre-B\Snap_030.jpg,malignant
Blood cell Cancer [ALL]\Benign\Snap_065 (3).jpg,benign
Blood cell Cancer [ALL]\[Malignant] Pro-B\Snap_414.jpg,malignant
Blood cell Cancer [ALL]\[Malignant] early Pre-B\Sap_148 (92).jpg,malignant
Blood cell Cancer [ALL]\[Malignant] Pre-B\Snap_129 - Copy.jpg,malignant
Blood cell Cancer [ALL]\[Malignant] Pro-B\Snap_654.jpg,malignant
Blood cell Cancer [ALL]\[Malignant] early Pre-B\Snap_180 - Copy.jpg,malignant
Blood cell Cancer [ALL]\[Malignant] early Pre-B\Snap_106 - Copy.jpg,malignant
Blood cell Cancer [ALL]\[Malignant] Pre-B\Snap_577.jpg,malignant
Blood cell Cancer [ALL]\[Malignant] early Pre-B\Snap_232 - Copy.jpg,malignant
Blood cell Cancer [ALL]\[Malignant] Pre-B\Snap_157.jpg,malignant
Blood cell Cancer [ALL]\[Malignant] early Pre-B\Snap_111 - Copy.jpg,malignant
Blood cell Cancer [ALL]\[Malignant] Pre-B\Snap_790.jpg,malignant
Blood cell Cancer [ALL]\[Malignant] Pre-B\Snap_703.jpg,malignant
Blood cell Cancer [ALL]\[Malignant] Pro-B\Snap_057.jpg,malignant
Blood cell Cancer [ALL]\[Malignant] Pre-B\Snap_101 - Copy.jpg,malignant
Blood cell Cancer [ALL]\Benign\Snap_074.jpg,benign
Blood cell Cancer [ALL]\[Malignant] early Pre-B\Snap_141.jpg,malignant
Blood cell Cancer [ALL]\[Malignant] Pre-B\Snap_552.jpg,malignant
Blood cell Cancer [ALL]\Benign\Snap_033.jpg,benign
Blood cell Cancer [ALL]\[Malignant] Pro-B\Snap_413.jpg,malignant
Blood cell Cancer [ALL]\[Malignant] early Pre-B\Snap_245 - Copy.jpg,malignant
Blood cell Cancer [ALL]\[Malignant] Pre-B\Snap_594.jpg,malignant
Blood cell Cancer [ALL]\[Malignant] early Pre-B\Snap_133.jpg,malignant
Blood cell Cancer [ALL]\[Malignant] Pre-B\Snap_003.jpg,malignant
Blood cell Cancer [ALL]\[Malignant] Pre-B\Snap_034.jpg,malignant
Blood cell Cancer [ALL]\[Malignant] early Pre-B\Snap_095 - Copy.jpg,malignant
Blood cell Cancer [ALL]\[Malignant] Pro-B\Snap_158.jpg,malignant
Blood cell Cancer [ALL]\[Malignant] early Pre-B\Sn1ap_024 (47).jpg,malignant
Blood cell Cancer [ALL]\Benign\Snap_042.jpg,benign
Blood cell Cancer [ALL]\[Malignant] Pro-B\Snap_270.jpg,malignant
Blood cell Cancer [ALL]\[Malignant] Pro-B\Snap_337.jpg,malignant
Blood cell Cancer [ALL]\[Malignant] Pre-B\Snap_087 - Copy.jpg,malignant
Blood cell Cancer [ALL]\[Malignant] Pre-B\Snap_685.jpg,malignant
Blood cell Cancer [ALL]\[Malignant] early Pre-B\Sap_148 (86).jpg,malignant
Blood cell Cancer [ALL]\[Malignant] Pro-B\Snap_443.jpg,malignant
Blood cell Cancer [ALL]\[Malignant] Pre-B\Snap_583.jpg,malignant
Blood cell Cancer [ALL]\[Malignant] Pre-B\Snap_750.jpg,malignant
Blood cell Cancer [ALL]\[Malignant] Pre-B\Snap_090.jpg,malignant
Blood cell Cancer [ALL]\[Malignant] Pre-B\Snap_192.jpg,malignant
Blood cell Cancer [ALL]\[Malignant] Pre-B\Snap_148.jpg,malignant
Blood cell Cancer [ALL]\[Malignant] Pre-B\Snap_033.jpg,malignant
Blood cell Cancer [ALL]\[Malignant] Pro-B\Snap_552.jpg,malignant
Blood cell Cancer [ALL]\[Malignant] Pre-B\Snap_116 - Copy.jpg,malignant
Blood cell Cancer [ALL]\Benign\Snap_086.jpg,benign
Blood cell Cancer [ALL]\[Malignant] Pre-B\Snap_608.jpg,malignant
Blood cell Cancer [ALL]\[Malignant] Pre-B\Snap_428.jpg,malignant
Blood cell Cancer [ALL]\[Malignant] early Pre-B\Snap_007 - Copy.jpg,malignant
Blood cell Cancer [ALL]\[Malignant] early Pre-B\Snp_147 (140).jpg,malignant
Blood cell Cancer [ALL]\[Malignant] early Pre-B\Snp_147 (124).jpg,malignant
Blood cell Cancer [ALL]\[Malignant] Pre-B\Snap_809.jpg,malignant
Blood cell Cancer [ALL]\Benign\Snap_180.jpg,benign
Blood cell Cancer [ALL]\[Malignant] early Pre-B\Snp_147 (39).jpg,malignant
Blood cell Cancer [ALL]\Benign\Snap_096 (3).jpg,benign
Blood cell Cancer [ALL]\[Malignant] Pre-B\Snap_683.jpg,malignant
Blood cell Cancer [ALL]\[Malignant] Pro-B\Snap_752.jpg,malignant
Blood cell Cancer [ALL]\Benign\Snap_035.jpg,benign
Blood cell Cancer [ALL]\[Malignant] Pre-B\Snap_822.jpg,malignant
Blood cell Cancer [ALL]\[Malignant] Pre-B\Snap_096 - Copy.jpg,malignant
Blood cell Cancer [ALL]\[Malignant] early Pre-B\Snp_147 (87).jpg,malignant
Blood cell Cancer [ALL]\[Malignant] Pre-B\Snap_278.jpg,malignant
Blood cell Cancer [ALL]\Benign\Snap_023 (3).jpg,benign
Blood cell Cancer [ALL]\[Malignant] Pro-B\Snap_551.jpg,malignant
Blood cell Cancer [ALL]\[Malignant] Pro-B\Snap_578.jpg,malignant
Blood cell Cancer [ALL]\[Malignant] early Pre-B\Snap_217.jpg,malignant
Blood cell Cancer [ALL]\[Malignant] Pro-B\Snap_322.jpg,malignant
Blood cell Cancer [ALL]\[Malignant] early Pre-B\Snap_122 - Copy.jpg,malignant
Blood cell Cancer [ALL]\Benign\Snap_107 (2).jpg,benign
Blood cell Cancer [ALL]\[Malignant] Pre-B\Snap_694.jpg,malignant
Blood cell Cancer [ALL]\[Malignant] early Pre-B\Snap_0233 (3).jpg,malignant
Blood cell Cancer [ALL]\[Malignant] Pre-B\Snap_277.jpg,malignant
Blood cell Cancer [ALL]\[Malignant] early Pre-B\Sap_148 (111).jpg,malignant
Blood cell Cancer [ALL]\[Malignant] Pro-B\Snap_279.jpg,malignant
Blood cell Cancer [ALL]\[Malignant] Pro-B\Snap_468.jpg,malignant
Blood cell Cancer [ALL]\[Malignant] Pre-B\Snap_547.jpg,malignant
Blood cell Cancer [ALL]\[Malignant] early Pre-B\Snap_0233 (17).jpg,malignant
Blood cell Cancer [ALL]\[Malignant] early Pre-B\Snp_147 (35).jpg,malignant
Blood cell Cancer [ALL]\[Malignant] Pre-B\Snap_395.jpg,malignant
Blood cell Cancer [ALL]\[Malignant] Pre-B\Snap_575.jpg,malignant
Blood cell Cancer [ALL]\[Malignant] Pro-B\Snap_365.jpg,malignant
Blood cell Cancer [ALL]\Benign\Snap_039.jpg,benign
Blood cell Cancer [ALL]\[Malignant] early Pre-B\Snap_174 - Copy.jpg,malignant
Blood cell Cancer [ALL]\Benign\Snap_031 (2).jpg,benign
Blood cell Cancer [ALL]\[Malignant] Pre-B\Snap_037.jpg,malignant
Blood cell Cancer [ALL]\[Malignant] early Pre-B\Snap_079.jpg,malignant
Blood cell Cancer [ALL]\Benign\Snap_020.jpg,benign
Blood cell Cancer [ALL]\Benign\Snap_010 (3).jpg,benign
Blood cell Cancer [ALL]\[Malignant] Pro-B\Snap_601.jpg,malignant
Blood cell Cancer [ALL]\[Malignant] Pre-B\Snap_301.jpg,malignant
Blood cell Cancer [ALL]\[Malignant] Pro-B\Snap_101.jpg,malignant
Blood cell Cancer [ALL]\[Malignant] Pro-B\Snap_672.jpg,malignant
Blood cell Cancer [ALL]\[Malignant] Pro-B\Snap_254.jpg,malignant
Blood cell Cancer [ALL]\[Malignant] early Pre-B\Snap_060.jpg,malignant
Blood cell Cancer [ALL]\Benign\Snap_020 (4).jpg,benign
Blood cell Cancer [ALL]\[Malignant] Pro-B\Snap_592.jpg,malignant
Blood cell Cancer [ALL]\[Malignant] Pre-B\Snap_025.jpg,malignant
Blood cell Cancer [ALL]\[Malignant] Pre-B\Snap_054 - Copy.jpg,malignant
Blood cell Cancer [ALL]\[Malignant] Pre-B\Snap_653.jpg,malignant
Blood cell Cancer [ALL]\[Malignant] early Pre-B\Sap_148 (16).jpg,malignant
Blood cell Cancer [ALL]\[Malignant] early Pre-B\Snap_127.jpg,malignant
Blood cell Cancer [ALL]\Benign\Snap_026 (4).jpg,benign
Blood cell Cancer [ALL]\[Malignant] Pre-B\Snap_255.jpg,malignant
Blood cell Cancer [ALL]\Benign\Snap_081 (3).jpg,benign
Blood cell Cancer [ALL]\[Malignant] early Pre-B\Snap_028.jpg,malignant
Blood cell Cancer [ALL]\[Malignant] early Pre-B\Snap_082.jpg,malignant
Blood cell Cancer [ALL]\[Malignant] early Pre-B\Snap_123 - Copy.jpg,malignant
Blood cell Cancer [ALL]\[Malignant] Pre-B\Snap_639.jpg,malignant
Blood cell Cancer [ALL]\[Malignant] Pro-B\Snap_512.jpg,malignant
Blood cell Cancer [ALL]\[Malignant] Pro-B\Snap_245.jpg,malignant
Blood cell Cancer [ALL]\[Malignant] Pro-B\Snap_426.jpg,malignant
Blood cell Cancer [ALL]\[Malignant] early Pre-B\Sn1ap_024 (33).jpg,malignant
Blood cell Cancer [ALL]\[Malignant] Pre-B\Snap_275.jpg,malignant
Blood cell Cancer [ALL]\[Malignant] Pre-B\Snap_545.jpg,malignant
Blood cell Cancer [ALL]\[Malignant] early Pre-B\Snap_134 - Copy.jpg,malignant
Blood cell Cancer [ALL]\[Malignant] Pro-B\Snap_531.jpg,malignant
Blood cell Cancer [ALL]\[Malignant] Pro-B\Snap_510.jpg,malignant
Blood cell Cancer [ALL]\[Malignant] Pre-B\Snap_367.jpg,malignant
Blood cell Cancer [ALL]\[Malignant] early Pre-B\Snap_158 - Copy.jpg,malignant
Blood cell Cancer [ALL]\Benign\Snap_099 (3).jpg,benign
Blood cell Cancer [ALL]\Benign\Snap_030 (3).jpg,benign
Blood cell Cancer [ALL]\[Malignant] Pre-B\Snap_702.jpg,malignant
Blood cell Cancer [ALL]\[Malignant] early Pre-B\Snp_147 (145).jpg,malignant
Blood cell Cancer [ALL]\[Malignant] Pro-B\Snap_651.jpg,malignant
Blood cell Cancer [ALL]\Benign\Snap_082.jpg,benign
Blood cell Cancer [ALL]\[Malignant] Pre-B\Snap_593.jpg,malignant
Blood cell Cancer [ALL]\Benign\Snap_097 (2).jpg,benign
Blood cell Cancer [ALL]\Benign\Snap_113 (3).jpg,benign
Blood cell Cancer [ALL]\[Malignant] Pre-B\Snap_007.jpg,malignant
Blood cell Cancer [ALL]\Benign\Snap_078 (2).jpg,benign
Blood cell Cancer [ALL]\[Malignant] early Pre-B\Snap_212.jpg,malignant
Blood cell Cancer [ALL]\[Malignant] early Pre-B\Snp_147 (36).jpg,malignant
Blood cell Cancer [ALL]\[Malignant] early Pre-B\Snap_004.jpg,malignant
Blood cell Cancer [ALL]\[Malignant] Pre-B\Snap_681.jpg,malignant
Blood cell Cancer [ALL]\[Malignant] Pro-B\Snap_363.jpg,malignant
Blood cell Cancer [ALL]\[Malignant] Pro-B\Snap_565.jpg,malignant
Blood cell Cancer [ALL]\[Malignant] Pre-B\Snap_100.jpg,malignant
Blood cell Cancer [ALL]\[Malignant] Pro-B\Snap_576.jpg,malignant
Blood cell Cancer [ALL]\[Malignant] Pre-B\Snap_402.jpg,malignant
Blood cell Cancer [ALL]\[Malignant] Pro-B\Snap_199.jpg,malignant
Blood cell Cancer [ALL]\[Malignant] early Pre-B\Snap_210.jpg,malignant
Blood cell Cancer [ALL]\[Malignant] Pro-B\Snap_203.jpg,malignant
Blood cell Cancer [ALL]\[Malignant] early Pre-B\Snap_053.jpg,malignant
Blood cell Cancer [ALL]\[Malignant] early Pre-B\Snap_085.jpg,malignant
Blood cell Cancer [ALL]\Benign\Snap_093 (3).jpg,benign
Blood cell Cancer [ALL]\[Malignant] Pre-B\Snap_085.jpg,malignant
Blood cell Cancer [ALL]\[Malignant] early Pre-B\Snap_281.jpg,malignant
Blood cell Cancer [ALL]\[Malignant] early Pre-B\Snap_162.jpg,malignant
Blood cell Cancer [ALL]\[Malignant] Pro-B\Snap_378.jpg,malignant
Blood cell Cancer [ALL]\[Malignant] Pre-B\Snap_062 - Copy.jpg,malignant
Blood cell Cancer [ALL]\[Malignant] early Pre-B\Sap_148 (141).jpg,malignant
Blood cell Cancer [ALL]\[Malignant] Pro-B\Snap_575.jpg,malignant
Blood cell Cancer [ALL]\[Malignant] Pre-B\Snap_431.jpg,malignant
Blood cell Cancer [ALL]\[Malignant] Pro-B\Snap_207.jpg,malignant
Blood cell Cancer [ALL]\[Malignant] Pre-B\Snap_565.jpg,malignant
Blood cell Cancer [ALL]\[Malignant] early Pre-B\Snap1_043 (42).jpg,malignant
Blood cell Cancer [ALL]\[Malignant] early Pre-B\Snp_147 (107).jpg,malignant
Blood cell Cancer [ALL]\Benign\Snap_050 (3).jpg,benign
Blood cell Cancer [ALL]\[Malignant] Pre-B\Snap_249.jpg,malignant
Blood cell Cancer [ALL]\[Malignant] early Pre-B\Snp_147 (14).jpg,malignant
Blood cell Cancer [ALL]\[Malignant] Pro-B\Snap_373.jpg,malignant
Blood cell Cancer [ALL]\[Malignant] Pre-B\Snap_772.jpg,malignant
Blood cell Cancer [ALL]\[Malignant] Pro-B\Snap_582.jpg,malignant
Blood cell Cancer [ALL]\[Malignant] early Pre-B\Snap_206.jpg,malignant
Blood cell Cancer [ALL]\Benign\Snap_095.jpg,benign
Blood cell Cancer [ALL]\[Malignant] Pro-B\Snap_329.jpg,malignant
Blood cell Cancer [ALL]\Benign\Snap_001 (2).jpg,benign
Blood cell Cancer [ALL]\[Malignant] Pre-B\Snap_184.jpg,malignant
Blood cell Cancer [ALL]\[Malignant] Pro-B\Snap_242.jpg,malignant
Blood cell Cancer [ALL]\[Malignant] early Pre-B\Snap_187.jpg,malignant
Blood cell Cancer [ALL]\[Malignant] Pre-B\Snap_210.jpg,malignant
Blood cell Cancer [ALL]\[Malignant] Pre-B\Snap_671.jpg,malignant
Blood cell Cancer [ALL]\[Malignant] early Pre-B\Snap_031.jpg,malignant
Blood cell Cancer [ALL]\[Malignant] Pre-B\Snap_183.jpg,malignant
Blood cell Cancer [ALL]\[Malignant] Pre-B\Snap_533.jpg,malignant
Blood cell Cancer [ALL]\[Malignant] Pre-B\Snap_234.jpg,malignant
Blood cell Cancer [ALL]\[Malignant] Pro-B\Snap_732.jpg,malignant
Blood cell Cancer [ALL]\[Malignant] early Pre-B\Sap_148 (18).jpg,malignant
Blood cell Cancer [ALL]\Benign\Snap_031 (4).jpg,benign
Blood cell Cancer [ALL]\[Malignant] Pre-B\Snap_297.jpg,malignant
Blood cell Cancer [ALL]\[Malignant] Pro-B\Snap_611.jpg,malignant
Blood cell Cancer [ALL]\[Malignant] Pre-B\Snap_248.jpg,malignant
Blood cell Cancer [ALL]\[Malignant] early Pre-B\Snap_226 - Copy.jpg,malignant
Blood cell Cancer [ALL]\[Malignant] Pro-B\Snap_382.jpg,malignant
Blood cell Cancer [ALL]\[Malignant] Pre-B\Snap_168.jpg,malignant
Blood cell Cancer [ALL]\[Malignant] Pro-B\Snap_648.jpg,malignant
Blood cell Cancer [ALL]\[Malignant] early Pre-B\Snap_168 - Copy.jpg,malignant
Blood cell Cancer [ALL]\[Malignant] Pre-B\Snap_728.jpg,malignant
Blood cell Cancer [ALL]\[Malignant] Pre-B\Snap_503.jpg,malignant
Blood cell Cancer [ALL]\[Malignant] Pro-B\Snap_602.jpg,malignant
Blood cell Cancer [ALL]\[Malignant] Pro-B\Snap_553.jpg,malignant
Blood cell Cancer [ALL]\[Malignant] early Pre-B\Sap_148 (93).jpg,malignant
Blood cell Cancer [ALL]\[Malignant] Pre-B\Snap_449.jpg,malignant
Blood cell Cancer [ALL]\[Malignant] Pro-B\Snap_698.jpg,malignant
Blood cell Cancer [ALL]\Benign\Snap_066 (3).jpg,benign
Blood cell Cancer [ALL]\Benign\Snap_098 (3).jpg,benign
Blood cell Cancer [ALL]\[Malignant] Pro-B\Snap_321.jpg,malignant
Blood cell Cancer [ALL]\[Malignant] early Pre-B\Snap_230.jpg,malignant
Blood cell Cancer [ALL]\[Malignant] early Pre-B\Snap_201 - Copy.jpg,malignant
Blood cell Cancer [ALL]\[Malignant] Pro-B\Snap_148.jpg,malignant
Blood cell Cancer [ALL]\Benign\Snap_060 (2).jpg,benign
Blood cell Cancer [ALL]\[Malignant] Pro-B\Snap_518.jpg,malignant
Blood cell Cancer [ALL]\[Malignant] early Pre-B\Sn1ap_024 (55).jpg,malignant
Blood cell Cancer [ALL]\[Malignant] Pre-B\Snap_007 - Copy.jpg,malignant
Blood cell Cancer [ALL]\[Malignant] Pro-B\Snap_084.jpg,malignant
Blood cell Cancer [ALL]\[Malignant] early Pre-B\Snap1_043 (53).jpg,malignant
Blood cell Cancer [ALL]\[Malignant] early Pre-B\Snap_216 - Copy.jpg,malignant
Blood cell Cancer [ALL]\[Malignant] early Pre-B\Sn1ap_024 (9).jpg,malignant
Blood cell Cancer [ALL]\[Malignant] Pro-B\Snap_357.jpg,malignant
Blood cell Cancer [ALL]\[Malignant] early Pre-B\Snp_147 (55).jpg,malignant
Blood cell Cancer [ALL]\Benign\Sap_013 (24).jpg,benign
Blood cell Cancer [ALL]\Benign\Snap_019.jpg,benign
Blood cell Cancer [ALL]\[Malignant] Pre-B\Snap_587.jpg,malignant
Blood cell Cancer [ALL]\[Malignant] Pre-B\Snap_164.jpg,malignant
Blood cell Cancer [ALL]\Benign\Snap_131.jpg,benign
Blood cell Cancer [ALL]\Benign\Snap_014.jpg,benign
Blood cell Cancer [ALL]\[Malignant] Pre-B\Snap_060 - Copy.jpg,malignant
Blood cell Cancer [ALL]\[Malignant] early Pre-B\Snap_125 - Copy.jpg,malignant
Blood cell Cancer [ALL]\[Malignant] Pre-B\Snap_438.jpg,malignant
Blood cell Cancer [ALL]\[Malignant] early Pre-B\Sn1ap_024 (14).jpg,malignant
Blood cell Cancer [ALL]\[Malignant] Pre-B\Snap_573.jpg,malignant
Blood cell Cancer [ALL]\[Malignant] early Pre-B\Snap_286.jpg,malignant
Blood cell Cancer [ALL]\[Malignant] Pre-B\Snap_748.jpg,malignant
Blood cell Cancer [ALL]\[Malignant] Pre-B\Snap_034 - Copy.jpg,malignant
Blood cell Cancer [ALL]\Benign\Snap_054 (2).jpg,benign
Blood cell Cancer [ALL]\[Malignant] early Pre-B\Sap_148 (120).jpg,malignant
Blood cell Cancer [ALL]\[Malignant] Pre-B\Snap_097.jpg,malignant
Blood cell Cancer [ALL]\Benign\Snap_056 (2).jpg,benign
Blood cell Cancer [ALL]\[Malignant] early Pre-B\Snap1_043 (40).jpg,malignant
Blood cell Cancer [ALL]\[Malignant] Pro-B\Snap_070.jpg,malignant
Blood cell Cancer [ALL]\Benign\Snap_126.jpg,benign
Blood cell Cancer [ALL]\[Malignant] Pro-B\Snap_218.jpg,malignant
Blood cell Cancer [ALL]\[Malignant] Pre-B\Snap_203.jpg,malignant
Blood cell Cancer [ALL]\[Malignant] Pre-B\Snap_260.jpg,malignant
Blood cell Cancer [ALL]\[Malignant] Pre-B\Snap_603.jpg,malignant
Blood cell Cancer [ALL]\[Malignant] early Pre-B\Snap1_043 (24).jpg,malignant
Blood cell Cancer [ALL]\[Malignant] early Pre-B\Sn1ap_024 (36).jpg,malignant
Blood cell Cancer [ALL]\[Malignant] early Pre-B\Snap_0233 (10).jpg,malignant
Blood cell Cancer [ALL]\[Malignant] early Pre-B\Sn1ap_024 (16).jpg,malignant
Blood cell Cancer [ALL]\[Malignant] Pre-B\Snap_023 - Copy.jpg,malignant
Blood cell Cancer [ALL]\Benign\Snap_034 (2).jpg,benign
Blood cell Cancer [ALL]\[Malignant] Pre-B\Snap_740.jpg,malignant
Blood cell Cancer [ALL]\[Malignant] early Pre-B\Snap_105.jpg,malignant
Blood cell Cancer [ALL]\[Malignant] Pro-B\Snap_574.jpg,malignant
Blood cell Cancer [ALL]\[Malignant] Pro-B\Snap_687.jpg,malignant
Blood cell Cancer [ALL]\[Malignant] Pro-B\Snap_193.jpg,malignant
Blood cell Cancer [ALL]\Benign\Snap_084 (3).jpg,benign
Blood cell Cancer [ALL]\[Malignant] Pro-B\Snap_384.jpg,malignant
Blood cell Cancer [ALL]\Benign\Snap_036 (2).jpg,benign
Blood cell Cancer [ALL]\[Malignant] Pre-B\Snap_580.jpg,malignant
Blood cell Cancer [ALL]\[Malignant] early Pre-B\Snap_054 - Copy.jpg,malignant
Blood cell Cancer [ALL]\[Malignant] Pro-B\Snap_102.jpg,malignant
Blood cell Cancer [ALL]\[Malignant] Pre-B\Snap_076.jpg,malignant
Blood cell Cancer [ALL]\[Malignant] Pro-B\Snap_012 - Copy.jpg,malignant
Blood cell Cancer [ALL]\[Malignant] Pre-B\Snap_063.jpg,malignant
Blood cell Cancer [ALL]\[Malignant] Pre-B\Snap_122 - Copy.jpg,malignant
Blood cell Cancer [ALL]\[Malignant] early Pre-B\Snap_244.jpg,malignant
Blood cell Cancer [ALL]\[Malignant] Pre-B\Snap_093.jpg,malignant
Blood cell Cancer [ALL]\[Malignant] Pro-B\Snap_324.jpg,malignant
Blood cell Cancer [ALL]\[Malignant] Pre-B\Snap_214.jpg,malignant
Blood cell Cancer [ALL]\[Malignant] Pre-B\Snap_128.jpg,malignant
Blood cell Cancer [ALL]\[Malignant] early Pre-B\Snap_140 - Copy.jpg,malignant
Blood cell Cancer [ALL]\[Malignant] Pro-B\Snap_691.jpg,malignant
Blood cell Cancer [ALL]\[Malignant] Pro-B\Snap_055.jpg,malignant
Blood cell Cancer [ALL]\[Malignant] Pro-B\Snap_439.jpg,malignant
Blood cell Cancer [ALL]\[Malignant] Pro-B\Snap_663.jpg,malignant
Blood cell Cancer [ALL]\[Malignant] Pro-B\Snap_333.jpg,malignant
Blood cell Cancer [ALL]\[Malignant] early Pre-B\Snap1_043 (15).jpg,malignant
Blood cell Cancer [ALL]\[Malignant] early Pre-B\Snap_218.jpg,malignant
Blood cell Cancer [ALL]\Benign\Snap_027 (3).jpg,benign
Blood cell Cancer [ALL]\[Malignant] Pre-B\Snap_175.jpg,malignant
Blood cell Cancer [ALL]\[Malignant] Pre-B\Snap_706.jpg,malignant
Blood cell Cancer [ALL]\[Malignant] early Pre-B\Sap_148 (77).jpg,malignant
Blood cell Cancer [ALL]\Benign\Snap_076 (2).jpg,benign
Blood cell Cancer [ALL]\Benign\Snap_102 (3).jpg,benign
Blood cell Cancer [ALL]\Benign\Sap_013 (20).jpg,benign
Blood cell Cancer [ALL]\[Malignant] Pre-B\Snap_102 - Copy.jpg,malignant
Blood cell Cancer [ALL]\[Malignant] early Pre-B\Snap_055 - Copy.jpg,malignant
Blood cell Cancer [ALL]\[Malignant] Pro-B\Snap_659.jpg,malignant
Blood cell Cancer [ALL]\[Malignant] Pro-B\Snap_241.jpg,malignant
Blood cell Cancer [ALL]\[Malignant] Pre-B\Snap_799.jpg,malignant
Blood cell Cancer [ALL]\[Malignant] Pro-B\Snap_703.jpg,malignant
Blood cell Cancer [ALL]\[Malignant] Pro-B\Snap_546.jpg,malignant
Blood cell Cancer [ALL]\Benign\Snap_005 (3).jpg,benign
Blood cell Cancer [ALL]\[Malignant] Pre-B\Snap_018 - Copy.jpg,malignant
Blood cell Cancer [ALL]\[Malignant] Pre-B\Snap_780.jpg,malignant
Blood cell Cancer [ALL]\[Malignant] Pro-B\Snap_195.jpg,malignant
Blood cell Cancer [ALL]\[Malignant] Pre-B\Snap_707.jpg,malignant
Blood cell Cancer [ALL]\[Malignant] Pre-B\Snap_607.jpg,malignant
Blood cell Cancer [ALL]\Benign\Snap_003.jpg,benign
Blood cell Cancer [ALL]\[Malignant] early Pre-B\Snap_196.jpg,malignant
Blood cell Cancer [ALL]\[Malignant] Pre-B\Snap_676.jpg,malignant
Blood cell Cancer [ALL]\[Malignant] Pro-B\Snap_526.jpg,malignant
Blood cell Cancer [ALL]\[Malignant] Pre-B\Snap_616.jpg,malignant
Blood cell Cancer [ALL]\[Malignant] Pre-B\Snap_633.jpg,malignant
Blood cell Cancer [ALL]\[Malignant] Pro-B\Snap_173.jpg,malignant
Blood cell Cancer [ALL]\[Malignant] Pro-B\Snap_706.jpg,malignant
Blood cell Cancer [ALL]\[Malignant] Pre-B\Snap_507.jpg,malignant
Blood cell Cancer [ALL]\[Malignant] Pro-B\Snap_227.jpg,malignant
Blood cell Cancer [ALL]\[Malignant] Pre-B\Snap_233.jpg,malignant
Blood cell Cancer [ALL]\[Malignant] early Pre-B\Snp_147 (34).jpg,malignant
Blood cell Cancer [ALL]\Benign\Snap_137.jpg,benign
Blood cell Cancer [ALL]\[Malignant] early Pre-B\Snap_061.jpg,malignant
Blood cell Cancer [ALL]\[Malignant] Pre-B\Snap_029.jpg,malignant
Blood cell Cancer [ALL]\[Malignant] Pro-B\Snap_676.jpg,malignant
Blood cell Cancer [ALL]\Benign\Snap_056.jpg,benign
Blood cell Cancer [ALL]\[Malignant] Pro-B\Snap_453.jpg,malignant
Blood cell Cancer [ALL]\[Malignant] Pro-B\Snap_275.jpg,malignant
Blood cell Cancer [ALL]\[Malignant] early Pre-B\Snp_147 (61).jpg,malignant
Blood cell Cancer [ALL]\[Malignant] early Pre-B\Snap_037.jpg,malignant
Blood cell Cancer [ALL]\[Malignant] Pro-B\Snap_347.jpg,malignant
Blood cell Cancer [ALL]\[Malignant] Pro-B\Snap_351.jpg,malignant
Blood cell Cancer [ALL]\Benign\Snap_135.jpg,benign
Blood cell Cancer [ALL]\[Malignant] Pre-B\Snap_343.jpg,malignant
Blood cell Cancer [ALL]\[Malignant] early Pre-B\Snap_216.jpg,malignant
Blood cell Cancer [ALL]\[Malignant] Pro-B\Snap_597.jpg,malignant
Blood cell Cancer [ALL]\[Malignant] early Pre-B\Snap_267.jpg,malignant
Blood cell Cancer [ALL]\[Malignant] Pre-B\Snap_396.jpg,malignant
Blood cell Cancer [ALL]\[Malignant] Pre-B\Snap_542.jpg,malignant
Blood cell Cancer [ALL]\Benign\Snap_049 (2).jpg,benign
Blood cell Cancer [ALL]\[Malignant] early Pre-B\Snap_038 - Copy.jpg,malignant
Blood cell Cancer [ALL]\[Malignant] Pre-B\Snap_064 - Copy.jpg,malignant
Blood cell Cancer [ALL]\[Malignant] Pre-B\Snap_589.jpg,malignant
Blood cell Cancer [ALL]\[Malignant] Pre-B\Snap_038.jpg,malignant
Blood cell Cancer [ALL]\[Malignant] early Pre-B\Sap_148 (114).jpg,malignant
Blood cell Cancer [ALL]\[Malignant] Pro-B\Snap_476.jpg,malignant
Blood cell Cancer [ALL]\[Malignant] early Pre-B\Snp_147 (38).jpg,malignant
Blood cell Cancer [ALL]\[Malignant] Pro-B\Snap_063.jpg,malignant
Blood cell Cancer [ALL]\[Malignant] Pro-B\Snap_293.jpg,malignant
Blood cell Cancer [ALL]\[Malignant] Pre-B\Snap_105 - Copy.jpg,malignant
Blood cell Cancer [ALL]\[Malignant] Pre-B\Snap_196.jpg,malignant
Blood cell Cancer [ALL]\[Malignant] Pro-B\Snap_459.jpg,malignant
Blood cell Cancer [ALL]\[Malignant] early Pre-B\Snap_052 - Copy.jpg,malignant
Blood cell Cancer [ALL]\[Malignant] Pre-B\Snap_082 - Copy.jpg,malignant
Blood cell Cancer [ALL]\[Malignant] early Pre-B\Snap_184 - Copy.jpg,malignant
Blood cell Cancer [ALL]\[Malignant] Pre-B\Snap_509.jpg,malignant
Blood cell Cancer [ALL]\[Malignant] Pro-B\Snap_631.jpg,malignant
Blood cell Cancer [ALL]\[Malignant] early Pre-B\Snp_147 (82).jpg,malignant
Blood cell Cancer [ALL]\[Malignant] early Pre-B\Snap_068 - Copy.jpg,malignant
Blood cell Cancer [ALL]\[Malignant] Pro-B\Snap_404.jpg,malignant
Blood cell Cancer [ALL]\[Malignant] Pro-B\Snap_159.jpg,malignant
Blood cell Cancer [ALL]\[Malignant] Pre-B\Snap_125 - Copy.jpg,malignant
Blood cell Cancer [ALL]\[Malignant] early Pre-B\Snap_145.jpg,malignant
Blood cell Cancer [ALL]\[Malignant] Pro-B\Snap_052.jpg,malignant
Blood cell Cancer [ALL]\Benign\Snap_044 (2).jpg,benign
Blood cell Cancer [ALL]\[Malignant] Pre-B\Snap_239.jpg,malignant
Blood cell Cancer [ALL]\Benign\Snap_041.jpg,benign
Blood cell Cancer [ALL]\Benign\Snap_036 (3).jpg,benign
Blood cell Cancer [ALL]\[Malignant] early Pre-B\Snap_022 - Copy.jpg,malignant
Blood cell Cancer [ALL]\[Malignant] early Pre-B\Snap_060 - Copy.jpg,malignant
Blood cell Cancer [ALL]\Benign\Snap_026 (2).jpg,benign
Blood cell Cancer [ALL]\[Malignant] early Pre-B\Snap_081 - Copy.jpg,malignant
Blood cell Cancer [ALL]\[Malignant] Pre-B\Snap_766.jpg,malignant
Blood cell Cancer [ALL]\Benign\Snap_082 (3).jpg,benign
Blood cell Cancer [ALL]\[Malignant] Pre-B\Snap_126.jpg,malignant
Blood cell Cancer [ALL]\[Malignant] early Pre-B\Snap_004 - Copy.jpg,malignant
Blood cell Cancer [ALL]\[Malignant] Pre-B\Snap_722.jpg,malignant
Blood cell Cancer [ALL]\[Malignant] Pro-B\Snap_296.jpg,malignant
Blood cell Cancer [ALL]\[Malignant] Pre-B\Snap_229.jpg,malignant
Blood cell Cancer [ALL]\[Malignant] Pre-B\Snap_064.jpg,malignant
Blood cell Cancer [ALL]\Benign\Snap_043 (2).jpg,benign
Blood cell Cancer [ALL]\[Malignant] Pro-B\Snap_571.jpg,malignant
Blood cell Cancer [ALL]\[Malignant] early Pre-B\Snap_064.jpg,malignant
Blood cell Cancer [ALL]\[Malignant] early Pre-B\Snap1_043 (5).jpg,malignant
Blood cell Cancer [ALL]\[Malignant] Pre-B\Snap_284.jpg,malignant
Blood cell Cancer [ALL]\[Malignant] Pro-B\Snap_191.jpg,malignant
Blood cell Cancer [ALL]\[Malignant] Pre-B\Snap_091.jpg,malignant
Blood cell Cancer [ALL]\[Malignant] early Pre-B\Snap_020.jpg,malignant
Blood cell Cancer [ALL]\[Malignant] early Pre-B\Snap_155 - Copy.jpg,malignant
Blood cell Cancer [ALL]\[Malignant] early Pre-B\Snap_270.jpg,malignant
Blood cell Cancer [ALL]\[Malignant] Pre-B\Snap_235.jpg,malignant
Blood cell Cancer [ALL]\Benign\Snap_126 (2).jpg,benign
Blood cell Cancer [ALL]\[Malignant] Pro-B\Snap_269.jpg,malignant
Blood cell Cancer [ALL]\[Malignant] Pro-B\Snap_011.jpg,malignant
Blood cell Cancer [ALL]\[Malignant] Pre-B\Snap_488.jpg,malignant
Blood cell Cancer [ALL]\[Malignant] Pro-B\Snap_090.jpg,malignant
Blood cell Cancer [ALL]\[Malignant] Pro-B\Snap_294.jpg,malignant
Blood cell Cancer [ALL]\[Malignant] Pre-B\Snap_693.jpg,malignant
Blood cell Cancer [ALL]\[Malignant] early Pre-B\Snap1_043 (68).jpg,malignant
Blood cell Cancer [ALL]\[Malignant] Pro-B\Snap_243.jpg,malignant
Blood cell Cancer [ALL]\[Malignant] early Pre-B\Snap_175.jpg,malignant
Blood cell Cancer [ALL]\[Malignant] Pre-B\Snap_797.jpg,malignant
Blood cell Cancer [ALL]\[Malignant] early Pre-B\Snap1_043 (28).jpg,malignant
Blood cell Cancer [ALL]\[Malignant] Pro-B\Snap_455.jpg,malignant
Blood cell Cancer [ALL]\[Malignant] early Pre-B\Snp_147 (58).jpg,malignant
Blood cell Cancer [ALL]\[Malignant] early Pre-B\Snap_143 - Copy.jpg,malignant
Blood cell Cancer [ALL]\[Malignant] Pre-B\Snap_392.jpg,malignant
Blood cell Cancer [ALL]\[Malignant] Pro-B\Snap_489.jpg,malignant
Blood cell Cancer [ALL]\[Malignant] early Pre-B\Snap_049 - Copy.jpg,malignant
Blood cell Cancer [ALL]\[Malignant] early Pre-B\Snap_148 - Copy.jpg,malignant
Blood cell Cancer [ALL]\[Malignant] early Pre-B\Snap_014.jpg,malignant
Blood cell Cancer [ALL]\[Malignant] Pro-B\Snap_532.jpg,malignant
Blood cell Cancer [ALL]\[Malignant] early Pre-B\Snap_107 - Copy.jpg,malignant
Blood cell Cancer [ALL]\[Malignant] Pro-B\Snap_345.jpg,malignant
Blood cell Cancer [ALL]\[Malignant] early Pre-B\Sap_148 (67).jpg,malignant
Blood cell Cancer [ALL]\[Malignant] Pre-B\Snap_557.jpg,malignant
Blood cell Cancer [ALL]\[Malignant] Pre-B\Snap_656.jpg,malignant
Blood cell Cancer [ALL]\[Malignant] Pre-B\Snap_638.jpg,malignant
Blood cell Cancer [ALL]\[Malignant] Pre-B\Snap_026 - Copy.jpg,malignant
Blood cell Cancer [ALL]\Benign\Snap_064 (3).jpg,benign
Blood cell Cancer [ALL]\Benign\Snap_025 (3).jpg,benign
Blood cell Cancer [ALL]\[Malignant] early Pre-B\Sap_148 (46).jpg,malignant
Blood cell Cancer [ALL]\[Malignant] early Pre-B\Sap_148 (125).jpg,malignant
Blood cell Cancer [ALL]\[Malignant] Pre-B\Snap_074 - Copy.jpg,malignant
Blood cell Cancer [ALL]\Benign\Snap_033 (3).jpg,benign
Blood cell Cancer [ALL]\[Malignant] Pro-B\Snap_338.jpg,malignant
Blood cell Cancer [ALL]\[Malignant] Pro-B\Snap_756.jpg,malignant
Blood cell Cancer [ALL]\[Malignant] Pro-B\Snap_461.jpg,malignant
Blood cell Cancer [ALL]\[Malignant] Pre-B\Snap_818.jpg,malignant
Blood cell Cancer [ALL]\[Malignant] Pre-B\Snap_360.jpg,malignant
Blood cell Cancer [ALL]\[Malignant] Pro-B\Snap_673.jpg,malignant
Blood cell Cancer [ALL]\[Malignant] Pre-B\Snap_765.jpg,malignant
Blood cell Cancer [ALL]\[Malignant] early Pre-B\Snap_149 - Copy.jpg,malignant
Blood cell Cancer [ALL]\[Malignant] Pro-B\Snap_564.jpg,malignant
Blood cell Cancer [ALL]\[Malignant] Pro-B\Snap_232.jpg,malignant
Blood cell Cancer [ALL]\[Malignant] Pro-B\Snap_727.jpg,malignant
Blood cell Cancer [ALL]\[Malignant] early Pre-B\Sn1ap_024 (21).jpg,malignant
Blood cell Cancer [ALL]\Benign\Snap_006.jpg,benign
Blood cell Cancer [ALL]\[Malignant] Pre-B\Snap_677.jpg,malignant
Blood cell Cancer [ALL]\[Malignant] early Pre-B\Snp_147 (137).jpg,malignant
Blood cell Cancer [ALL]\[Malignant] early Pre-B\Snap_0233 (18).jpg,malignant
Blood cell Cancer [ALL]\[Malignant] Pre-B\Snap_425.jpg,malignant
Blood cell Cancer [ALL]\[Malignant] Pre-B\Snap_709.jpg,malignant
Blood cell Cancer [ALL]\[Malignant] early Pre-B\Sn1ap_024 (8).jpg,malignant
Blood cell Cancer [ALL]\[Malignant] Pro-B\Snap_358.jpg,malignant
Blood cell Cancer [ALL]\[Malignant] Pro-B\Snap_112.jpg,malignant
Blood cell Cancer [ALL]\[Malignant] Pro-B\Snap_020.jpg,malignant
Blood cell Cancer [ALL]\Benign\Snap_013 (3).jpg,benign
Blood cell Cancer [ALL]\[Malignant] early Pre-B\Snap_121 - Copy.jpg,malignant
Blood cell Cancer [ALL]\[Malignant] Pro-B\Snap_515.jpg,malignant
Blood cell Cancer [ALL]\[Malignant] Pre-B\Snap_388.jpg,malignant
Blood cell Cancer [ALL]\[Malignant] Pre-B\Snap_281.jpg,malignant
Blood cell Cancer [ALL]\[Malignant] early Pre-B\Sap_148 (65).jpg,malignant
Blood cell Cancer [ALL]\[Malignant] early Pre-B\Snap_179 - Copy.jpg,malignant
Blood cell Cancer [ALL]\[Malignant] Pre-B\Snap_409.jpg,malignant
Blood cell Cancer [ALL]\[Malignant] Pre-B\Snap_114 - Copy.jpg,malignant
Blood cell Cancer [ALL]\[Malignant] Pro-B\Snap_105.jpg,malignant
Blood cell Cancer [ALL]\[Malignant] early Pre-B\Snap1_043 (54).jpg,malignant
Blood cell Cancer [ALL]\[Malignant] Pre-B\Snap_331.jpg,malignant
Blood cell Cancer [ALL]\[Malignant] early Pre-B\Snp_147 (83).jpg,malignant
Blood cell Cancer [ALL]\[Malignant] Pro-B\Snap_055 - Copy.jpg,malignant
Blood cell Cancer [ALL]\[Malignant] early Pre-B\Snap_171.jpg,malignant
Blood cell Cancer [ALL]\[Malignant] Pre-B\Snap_436.jpg,malignant
Blood cell Cancer [ALL]\[Malignant] early Pre-B\Snp_147 (142).jpg,malignant
Blood cell Cancer [ALL]\[Malignant] Pro-B\Snap_047.jpg,malignant
Blood cell Cancer [ALL]\Benign\Snap_064.jpg,benign
Blood cell Cancer [ALL]\Benign\Snap_018 (3).jpg,benign
Blood cell Cancer [ALL]\[Malignant] Pre-B\Snap_016 - Copy.jpg,malignant
Blood cell Cancer [ALL]\[Malignant] early Pre-B\Snp_147 (86).jpg,malignant
Blood cell Cancer [ALL]\[Malignant] early Pre-B\Snap_141 - Copy.jpg,malignant
Blood cell Cancer [ALL]\[Malignant] Pre-B\Snap_076 - Copy.jpg,malignant
Blood cell Cancer [ALL]\[Malignant] early Pre-B\Snp_147 (85).jpg,malignant
Blood cell Cancer [ALL]\Benign\Snap_160.jpg,benign
Blood cell Cancer [ALL]\[Malignant] Pro-B\Snap_120.jpg,malignant
Blood cell Cancer [ALL]\[Malignant] Pro-B\Snap_123 - Copy.jpg,malignant
Blood cell Cancer [ALL]\[Malignant] Pre-B\Snap_109.jpg,malignant
Blood cell Cancer [ALL]\Benign\Sap_013 (38).jpg,benign
Blood cell Cancer [ALL]\Benign\Snap_068 (2).jpg,benign
Blood cell Cancer [ALL]\Benign\Snap_003 (4).jpg,benign
Blood cell Cancer [ALL]\[Malignant] Pro-B\Snap_271.jpg,malignant
Blood cell Cancer [ALL]\[Malignant] early Pre-B\Snap_219 - Copy.jpg,malignant
Blood cell Cancer [ALL]\Benign\Snap_053 (3).jpg,benign
Blood cell Cancer [ALL]\Benign\Snap_097.jpg,benign
Blood cell Cancer [ALL]\[Malignant] early Pre-B\Snp_147 (111).jpg,malignant
Blood cell Cancer [ALL]\[Malignant] Pre-B\Snap_002 - Copy.jpg,malignant
Blood cell Cancer [ALL]\[Malignant] early Pre-B\Snap_0233 (9).jpg,malignant
Blood cell Cancer [ALL]\Benign\Snap_067 (2).jpg,benign
Blood cell Cancer [ALL]\Benign\Snap_077 (2).jpg,benign
Blood cell Cancer [ALL]\[Malignant] Pro-B\Snap_255.jpg,malignant
Blood cell Cancer [ALL]\[Malignant] Pre-B\Snap_028 - Copy.jpg,malignant
Blood cell Cancer [ALL]\Benign\Sap_013 (14).jpg,benign
Blood cell Cancer [ALL]\[Malignant] Pre-B\Snap_579.jpg,malignant
Blood cell Cancer [ALL]\[Malignant] Pro-B\Snap_341.jpg,malignant
Blood cell Cancer [ALL]\[Malignant] Pro-B\Snap_121.jpg,malignant
Blood cell Cancer [ALL]\[Malignant] Pro-B\Snap_607.jpg,malignant
Blood cell Cancer [ALL]\[Malignant] Pro-B\Snap_098.jpg,malignant
Blood cell Cancer [ALL]\[Malignant] Pre-B\Snap_080.jpg,malignant
Blood cell Cancer [ALL]\Benign\Snap_150.jpg,benign
Blood cell Cancer [ALL]\[Malignant] Pro-B\Snap_278.jpg,malignant
Blood cell Cancer [ALL]\[Malignant] Pro-B\Snap_162.jpg,malignant
Blood cell Cancer [ALL]\[Malignant] early Pre-B\Snap1_043 (33).jpg,malignant
Blood cell Cancer [ALL]\[Malignant] early Pre-B\Snp_147 (4).jpg,malignant
Blood cell Cancer [ALL]\[Malignant] early Pre-B\Snap_138.jpg,malignant
Blood cell Cancer [ALL]\[Malignant] early Pre-B\Snap_024.jpg,malignant
Blood cell Cancer [ALL]\[Malignant] Pro-B\Snap_086.jpg,malignant
Blood cell Cancer [ALL]\[Malignant] Pro-B\Snap_700.jpg,malignant
Blood cell Cancer [ALL]\Benign\Snap_026.jpg,benign
Blood cell Cancer [ALL]\[Malignant] early Pre-B\Sap_148 (60).jpg,malignant
Blood cell Cancer [ALL]\[Malignant] Pre-B\Snap_515.jpg,malignant
Blood cell Cancer [ALL]\[Malignant] Pro-B\Snap_431.jpg,malignant
Blood cell Cancer [ALL]\Benign\Snap_064 (2).jpg,benign
Blood cell Cancer [ALL]\Benign\Snap_171.jpg,benign
Blood cell Cancer [ALL]\[Malignant] Pre-B\Snap_086 - Copy.jpg,malignant
Blood cell Cancer [ALL]\[Malignant] Pro-B\Snap_118 - Copy.jpg,malignant
Blood cell Cancer [ALL]\Benign\Snap_017 (3).jpg,benign
Blood cell Cancer [ALL]\Benign\Snap_001 (3).jpg,benign
Blood cell Cancer [ALL]\[Malignant] Pro-B\Snap_694.jpg,malignant
Blood cell Cancer [ALL]\[Malignant] early Pre-B\Snap_0233 (21).jpg,malignant
Blood cell Cancer [ALL]\[Malignant] Pre-B\Snap_674.jpg,malignant
Blood cell Cancer [ALL]\Benign\Snap_123 (3).jpg,benign
Blood cell Cancer [ALL]\[Malignant] Pre-B\Snap_717.jpg,malignant
Blood cell Cancer [ALL]\[Malignant] early Pre-B\Snp_147 (32).jpg,malignant
Blood cell Cancer [ALL]\[Malignant] Pro-B\Snap_539.jpg,malignant
Blood cell Cancer [ALL]\[Malignant] Pro-B\Snap_511.jpg,malignant
Blood cell Cancer [ALL]\[Malignant] Pro-B\Snap_233.jpg,malignant
Blood cell Cancer [ALL]\[Malignant] Pro-B\Snap_441.jpg,malignant
Blood cell Cancer [ALL]\Benign\Snap_061.jpg,benign
Blood cell Cancer [ALL]\Benign\Snap_108 (2).jpg,benign
Blood cell Cancer [ALL]\[Malignant] Pre-B\Snap_027 - Copy.jpg,malignant
Blood cell Cancer [ALL]\[Malignant] Pro-B\Snap_599.jpg,malignant
Blood cell Cancer [ALL]\Benign\Snap_022.jpg,benign
Blood cell Cancer [ALL]\[Malignant] early Pre-B\Sap_148 (71).jpg,malignant
Blood cell Cancer [ALL]\[Malignant] early Pre-B\Sap_148 (116).jpg,malignant
Blood cell Cancer [ALL]\[Malignant] early Pre-B\Sn1ap_024 (46).jpg,malignant
Blood cell Cancer [ALL]\[Malignant] early Pre-B\Sap_148 (123).jpg,malignant
Blood cell Cancer [ALL]\[Malignant] Pre-B\Snap_119.jpg,malignant
Blood cell Cancer [ALL]\[Malignant] early Pre-B\Snap_132.jpg,malignant
Blood cell Cancer [ALL]\Benign\Snap_046 (2).jpg,benign
Blood cell Cancer [ALL]\[Malignant] Pre-B\Snap_114.jpg,malignant
Blood cell Cancer [ALL]\[Malignant] early Pre-B\Snap_121.jpg,malignant
Blood cell Cancer [ALL]\Benign\Snap_156.jpg,benign
Blood cell Cancer [ALL]\[Malignant] early Pre-B\Snap_046.jpg,malignant
Blood cell Cancer [ALL]\[Malignant] Pre-B\Snap_265.jpg,malignant
Blood cell Cancer [ALL]\[Malignant] Pre-B\Snap_263.jpg,malignant
Blood cell Cancer [ALL]\[Malignant] early Pre-B\Snap_085 - Copy.jpg,malignant
Blood cell Cancer [ALL]\[Malignant] early Pre-B\Sap_148 (82).jpg,malignant
Blood cell Cancer [ALL]\[Malignant] Pro-B\Snap_689.jpg,malignant
Blood cell Cancer [ALL]\Benign\Snap_007.jpg,benign
Blood cell Cancer [ALL]\[Malignant] Pre-B\Snap_030.jpg,malignant
Blood cell Cancer [ALL]\[Malignant] Pro-B\Snap_446.jpg,malignant
Blood cell Cancer [ALL]\[Malignant] Pro-B\Snap_657.jpg,malignant
Blood cell Cancer [ALL]\[Malignant] Pre-B\Snap_190.jpg,malignant
Blood cell Cancer [ALL]\[Malignant] Pre-B\Snap_620.jpg,malignant
Blood cell Cancer [ALL]\[Malignant] early Pre-B\Snap_047.jpg,malignant
Blood cell Cancer [ALL]\[Malignant] Pro-B\Snap_204.jpg,malignant
Blood cell Cancer [ALL]\Benign\Snap_045.jpg,benign
Blood cell Cancer [ALL]\[Malignant] Pre-B\Snap_701.jpg,malignant
Blood cell Cancer [ALL]\[Malignant] Pre-B\Snap_204.jpg,malignant
Blood cell Cancer [ALL]\[Malignant] early Pre-B\Snap_213 - Copy.jpg,malignant
Blood cell Cancer [ALL]\Benign\Snap_083.jpg,benign
Blood cell Cancer [ALL]\[Malignant] Pro-B\Snap_019.jpg,malignant
Blood cell Cancer [ALL]\[Malignant] Pro-B\Snap_048.jpg,malignant
Blood cell Cancer [ALL]\[Malignant] early Pre-B\Snap_278.jpg,malignant
Blood cell Cancer [ALL]\[Malignant] early Pre-B\Snp_147 (16).jpg,malignant
Blood cell Cancer [ALL]\[Malignant] early Pre-B\Sn1ap_024 (56).jpg,malignant
Blood cell Cancer [ALL]\[Malignant] Pro-B\Snap_501.jpg,malignant
Blood cell Cancer [ALL]\[Malignant] Pre-B\Snap_786.jpg,malignant
Blood cell Cancer [ALL]\[Malignant] Pro-B\Snap_049.jpg,malignant
Blood cell Cancer [ALL]\[Malignant] early Pre-B\Snap_027 - Copy.jpg,malignant
Blood cell Cancer [ALL]\[Malignant] Pre-B\Snap_733.jpg,malignant
Blood cell Cancer [ALL]\[Malignant] Pre-B\Snap_123 - Copy.jpg,malignant
Blood cell Cancer [ALL]\[Malignant] Pre-B\Snap_285.jpg,malignant
Blood cell Cancer [ALL]\[Malignant] early Pre-B\Snap_287.jpg,malignant
Blood cell Cancer [ALL]\Benign\Snap_070.jpg,benign
Blood cell Cancer [ALL]\[Malignant] Pre-B\Snap_459.jpg,malignant
Blood cell Cancer [ALL]\[Malignant] early Pre-B\Sn1ap_024 (57).jpg,malignant
Blood cell Cancer [ALL]\Benign\Snap_153.jpg,benign
Blood cell Cancer [ALL]\Benign\Snap_044.jpg,benign
Blood cell Cancer [ALL]\[Malignant] early Pre-B\Snp_147 (96).jpg,malignant
Blood cell Cancer [ALL]\[Malignant] early Pre-B\Snap_165.jpg,malignant
Blood cell Cancer [ALL]\[Malignant] Pro-B\Snap_674.jpg,malignant
Blood cell Cancer [ALL]\Benign\Snap_010 (2).jpg,benign
Blood cell Cancer [ALL]\[Malignant] early Pre-B\Snap_225.jpg,malignant
Blood cell Cancer [ALL]\Benign\Snap_014 (4).jpg,benign
Blood cell Cancer [ALL]\[Malignant] early Pre-B\Snap_240.jpg,malignant
Blood cell Cancer [ALL]\Benign\Snap_057.jpg,benign
Blood cell Cancer [ALL]\[Malignant] early Pre-B\Snap_159 - Copy.jpg,malignant
Blood cell Cancer [ALL]\[Malignant] Pre-B\Snap_689.jpg,malignant
Blood cell Cancer [ALL]\[Malignant] Pre-B\Snap_053 - Copy.jpg,malignant
Blood cell Cancer [ALL]\[Malignant] Pre-B\Snap_795.jpg,malignant
Blood cell Cancer [ALL]\[Malignant] early Pre-B\Snap_239 - Copy.jpg,malignant
Blood cell Cancer [ALL]\[Malignant] Pre-B\Snap_306.jpg,malignant
Blood cell Cancer [ALL]\[Malignant] Pro-B\Snap_625.jpg,malignant
Blood cell Cancer [ALL]\[Malignant] Pre-B\Snap_661.jpg,malignant
Blood cell Cancer [ALL]\Benign\Snap_024 (2).jpg,benign
Blood cell Cancer [ALL]\[Malignant] Pre-B\Snap_686.jpg,malignant
Blood cell Cancer [ALL]\Benign\Snap_132.jpg,benign
Blood cell Cancer [ALL]\[Malignant] Pre-B\Snap_609.jpg,malignant
Blood cell Cancer [ALL]\[Malignant] Pro-B\Snap_371.jpg,malignant
Blood cell Cancer [ALL]\[Malignant] Pre-B\Snap_080 - Copy.jpg,malignant
Blood cell Cancer [ALL]\[Malignant] Pre-B\Snap_508.jpg,malignant
Blood cell Cancer [ALL]\[Malignant] Pro-B\Snap_429.jpg,malignant
Blood cell Cancer [ALL]\[Malignant] early Pre-B\Snap_118.jpg,malignant
Blood cell Cancer [ALL]\[Malignant] Pre-B\Snap_628.jpg,malignant
Blood cell Cancer [ALL]\[Malignant] early Pre-B\Snp_147 (49).jpg,malignant
Blood cell Cancer [ALL]\[Malignant] Pre-B\Snap_321.jpg,malignant
Blood cell Cancer [ALL]\Benign\Snap_151.jpg,benign
Blood cell Cancer [ALL]\[Malignant] early Pre-B\Snap1_043 (64).jpg,malignant
Blood cell Cancer [ALL]\[Malignant] early Pre-B\Snap_205.jpg,malignant
Blood cell Cancer [ALL]\[Malignant] Pre-B\Snap_123.jpg,malignant
Blood cell Cancer [ALL]\[Malignant] early Pre-B\Sap_148 (100).jpg,malignant
Blood cell Cancer [ALL]\[Malignant] Pre-B\Snap_667.jpg,malignant
Blood cell Cancer [ALL]\[Malignant] Pro-B\Snap_181.jpg,malignant
Blood cell Cancer [ALL]\[Malignant] early Pre-B\Snap_149.jpg,malignant
Blood cell Cancer [ALL]\[Malignant] Pre-B\Snap_556.jpg,malignant
Blood cell Cancer [ALL]\[Malignant] early Pre-B\Sap_148 (42).jpg,malignant
Blood cell Cancer [ALL]\[Malignant] early Pre-B\Snap_006.jpg,malignant
Blood cell Cancer [ALL]\[Malignant] Pro-B\Snap_060.jpg,malignant
Blood cell Cancer [ALL]\[Malignant] early Pre-B\Sn1ap_024 (41).jpg,malignant
Blood cell Cancer [ALL]\[Malignant] Pre-B\Snap_120.jpg,malignant
Blood cell Cancer [ALL]\[Malignant] Pro-B\Snap_644.jpg,malignant
Blood cell Cancer [ALL]\Benign\Snap_062.jpg,benign
Blood cell Cancer [ALL]\[Malignant] Pre-B\Snap_457.jpg,malignant
Blood cell Cancer [ALL]\[Malignant] Pro-B\Snap_563.jpg,malignant
Blood cell Cancer [ALL]\Benign\Sap_013 (36).jpg,benign
Blood cell Cancer [ALL]\[Malignant] Pre-B\Snap_163.jpg,malignant
Blood cell Cancer [ALL]\[Malignant] Pro-B\Snap_124.jpg,malignant
Blood cell Cancer [ALL]\[Malignant] early Pre-B\Snp_147 (79).jpg,malignant
Blood cell Cancer [ALL]\[Malignant] Pro-B\Snap_561.jpg,malignant
Blood cell Cancer [ALL]\[Malignant] Pro-B\Snap_130.jpg,malignant
Blood cell Cancer [ALL]\[Malignant] early Pre-B\Sap_148 (36).jpg,malignant
Blood cell Cancer [ALL]\[Malignant] Pre-B\Snap_032 - Copy.jpg,malignant
Blood cell Cancer [ALL]\[Malignant] early Pre-B\Snap_119.jpg,malignant
Blood cell Cancer [ALL]\[Malignant] Pro-B\Snap_416.jpg,malignant
Blood cell Cancer [ALL]\Benign\Snap_144.jpg,benign
Blood cell Cancer [ALL]\[Malignant] Pre-B\Snap_747.jpg,malignant
Blood cell Cancer [ALL]\[Malignant] Pro-B\Snap_568.jpg,malignant
Blood cell Cancer [ALL]\[Malignant] Pro-B\Snap_471.jpg,malignant
Blood cell Cancer [ALL]\[Malignant] Pre-B\Snap_410.jpg,malignant
Blood cell Cancer [ALL]\[Malignant] Pre-B\Snap_081 - Copy.jpg,malignant
Blood cell Cancer [ALL]\[Malignant] Pre-B\Snap_475.jpg,malignant
Blood cell Cancer [ALL]\[Malignant] Pro-B\Snap_554.jpg,malignant
Blood cell Cancer [ALL]\[Malignant] Pro-B\Snap_028.jpg,malignant
Blood cell Cancer [ALL]\[Malignant] early Pre-B\Snap_214.jpg,malignant
Blood cell Cancer [ALL]\[Malignant] Pre-B\Snap_177.jpg,malignant
Blood cell Cancer [ALL]\[Malignant] Pre-B\Snap_102.jpg,malignant
Blood cell Cancer [ALL]\[Malignant] early Pre-B\Snap1_043 (57).jpg,malignant
Blood cell Cancer [ALL]\[Malignant] early Pre-B\Snap1_043 (65).jpg,malignant
Blood cell Cancer [ALL]\[Malignant] Pre-B\Snap_567.jpg,malignant
Blood cell Cancer [ALL]\Benign\Snap_101.jpg,benign
Blood cell Cancer [ALL]\[Malignant] Pre-B\Snap_013.jpg,malignant
Blood cell Cancer [ALL]\[Malignant] early Pre-B\Snp_147 (2).jpg,malignant
Blood cell Cancer [ALL]\Benign\Snap_025.jpg,benign
Blood cell Cancer [ALL]\[Malignant] Pro-B\Snap_302.jpg,malignant
Blood cell Cancer [ALL]\[Malignant] Pre-B\Snap_625.jpg,malignant
Blood cell Cancer [ALL]\Benign\Snap_032 (2).jpg,benign
Blood cell Cancer [ALL]\[Malignant] early Pre-B\Snap_209 - Copy.jpg,malignant
Blood cell Cancer [ALL]\[Malignant] Pre-B\Snap_024.jpg,malignant
Blood cell Cancer [ALL]\[Malignant] Pre-B\Snap_383.jpg,malignant
Blood cell Cancer [ALL]\[Malignant] early Pre-B\Snap_079 - Copy.jpg,malignant
Blood cell Cancer [ALL]\[Malignant] Pre-B\Snap_252.jpg,malignant
Blood cell Cancer [ALL]\[Malignant] Pre-B\Snap_803.jpg,malignant
Blood cell Cancer [ALL]\[Malignant] early Pre-B\Snap_224.jpg,malignant
Blood cell Cancer [ALL]\[Malignant] Pre-B\Snap_531.jpg,malignant
Blood cell Cancer [ALL]\[Malignant] Pro-B\Snap_533.jpg,malignant
Blood cell Cancer [ALL]\Benign\Snap_045 (2).jpg,benign
Blood cell Cancer [ALL]\Benign\Sap_013 (40).jpg,benign
Blood cell Cancer [ALL]\[Malignant] early Pre-B\Snap_0233 (6).jpg,malignant
Blood cell Cancer [ALL]\[Malignant] early Pre-B\Snap_156.jpg,malignant
Blood cell Cancer [ALL]\Benign\Snap_013 (4).jpg,benign
Blood cell Cancer [ALL]\[Malignant] Pre-B\Snap_568.jpg,malignant
Blood cell Cancer [ALL]\[Malignant] early Pre-B\Snap_068.jpg,malignant
Blood cell Cancer [ALL]\[Malignant] early Pre-B\Snp_147 (50).jpg,malignant
Blood cell Cancer [ALL]\[Malignant] Pro-B\Snap_082.jpg,malignant
Blood cell Cancer [ALL]\[Malignant] Pre-B\Snap_327.jpg,malignant
Blood cell Cancer [ALL]\[Malignant] early Pre-B\Snap_039.jpg,malignant
Blood cell Cancer [ALL]\[Malignant] Pro-B\Snap_477.jpg,malignant
Blood cell Cancer [ALL]\[Malignant] Pro-B\Snap_091.jpg,malignant
Blood cell Cancer [ALL]\[Malignant] early Pre-B\Snp_147 (154).jpg,malignant
Blood cell Cancer [ALL]\[Malignant] Pre-B\Snap_597.jpg,malignant
Blood cell Cancer [ALL]\[Malignant] early Pre-B\Snap_237.jpg,malignant
Blood cell Cancer [ALL]\[Malignant] Pre-B\Snap_380.jpg,malignant
Blood cell Cancer [ALL]\[Malignant] Pro-B\Snap_234.jpg,malignant
Blood cell Cancer [ALL]\[Malignant] Pre-B\Snap_584.jpg,malignant
Blood cell Cancer [ALL]\[Malignant] early Pre-B\Snap_083.jpg,malignant
Blood cell Cancer [ALL]\[Malignant] early Pre-B\Snap_057.jpg,malignant
Blood cell Cancer [ALL]\Benign\Snap_079 (2).jpg,benign
Blood cell Cancer [ALL]\[Malignant] early Pre-B\Snap_276.jpg,malignant
Blood cell Cancer [ALL]\[Malignant] Pre-B\Snap_537.jpg,malignant
Blood cell Cancer [ALL]\[Malignant] Pro-B\Snap_403.jpg,malignant
Blood cell Cancer [ALL]\[Malignant] early Pre-B\Snap_152.jpg,malignant
Blood cell Cancer [ALL]\[Malignant] Pre-B\Snap_403.jpg,malignant
Blood cell Cancer [ALL]\[Malignant] Pro-B\Snap_380.jpg,malignant
Blood cell Cancer [ALL]\[Malignant] Pre-B\Snap_397.jpg,malignant
Blood cell Cancer [ALL]\[Malignant] Pro-B\Snap_386.jpg,malignant
Blood cell Cancer [ALL]\[Malignant] Pre-B\Snap_307.jpg,malignant
Blood cell Cancer [ALL]\[Malignant] Pre-B\Snap_037 - Copy.jpg,malignant
Blood cell Cancer [ALL]\[Malignant] Pro-B\Snap_537.jpg,malignant
Blood cell Cancer [ALL]\[Malignant] early Pre-B\Snap_245.jpg,malignant
Blood cell Cancer [ALL]\[Malignant] early Pre-B\Snap_101 - Copy.jpg,malignant
Blood cell Cancer [ALL]\Benign\Snap_086 (2).jpg,benign
Blood cell Cancer [ALL]\[Malignant] early Pre-B\Snap1_043 (37).jpg,malignant
Blood cell Cancer [ALL]\[Malignant] Pre-B\Snap_092.jpg,malignant
Blood cell Cancer [ALL]\[Malignant] Pre-B\Snap_112 - Copy.jpg,malignant
Blood cell Cancer [ALL]\[Malignant] Pro-B\Snap_184.jpg,malignant
Blood cell Cancer [ALL]\[Malignant] early Pre-B\Snap_146 - Copy.jpg,malignant
Blood cell Cancer [ALL]\[Malignant] Pre-B\Snap_042 - Copy.jpg,malignant
Blood cell Cancer [ALL]\[Malignant] Pro-B\Snap_261.jpg,malignant
Blood cell Cancer [ALL]\[Malignant] Pro-B\Snap_062.jpg,malignant
Blood cell Cancer [ALL]\[Malignant] Pro-B\Snap_002.jpg,malignant
Blood cell Cancer [ALL]\[Malignant] Pre-B\Snap_560.jpg,malignant
Blood cell Cancer [ALL]\[Malignant] early Pre-B\Snp_147 (138).jpg,malignant
Blood cell Cancer [ALL]\[Malignant] early Pre-B\Snp_147 (139).jpg,malignant
Blood cell Cancer [ALL]\Benign\Snap_041 (2).jpg,benign
Blood cell Cancer [ALL]\[Malignant] early Pre-B\Snap_143.jpg,malignant
Blood cell Cancer [ALL]\[Malignant] early Pre-B\Snap_139.jpg,malignant
Blood cell Cancer [ALL]\[Malignant] early Pre-B\Snap_190 - Copy.jpg,malignant
Blood cell Cancer [ALL]\[Malignant] Pro-B\Snap_314.jpg,malignant
Blood cell Cancer [ALL]\[Malignant] Pro-B\Snap_668.jpg,malignant
Blood cell Cancer [ALL]\[Malignant] early Pre-B\Snap_203.jpg,malignant
Blood cell Cancer [ALL]\[Malignant] Pro-B\Snap_274.jpg,malignant
Blood cell Cancer [ALL]\Benign\Snap_102 (2).jpg,benign
Blood cell Cancer [ALL]\[Malignant] early Pre-B\Sap_148 (73).jpg,malignant
Blood cell Cancer [ALL]\[Malignant] Pre-B\Snap_536.jpg,malignant
Blood cell Cancer [ALL]\[Malignant] Pre-B\Snap_317.jpg,malignant
Blood cell Cancer [ALL]\[Malignant] early Pre-B\Snap_169.jpg,malignant
Blood cell Cancer [ALL]\[Malignant] early Pre-B\Snap_118 - Copy.jpg,malignant
Blood cell Cancer [ALL]\[Malignant] Pro-B\Snap_497.jpg,malignant
Blood cell Cancer [ALL]\[Malignant] Pre-B\Snap_657.jpg,malignant
Blood cell Cancer [ALL]\[Malignant] early Pre-B\Snp_147 (24).jpg,malignant
Blood cell Cancer [ALL]\[Malignant] Pre-B\Snap_705.jpg,malignant
Blood cell Cancer [ALL]\[Malignant] early Pre-B\Snap_170.jpg,malignant
Blood cell Cancer [ALL]\[Malignant] Pro-B\Snap_131.jpg,malignant
Blood cell Cancer [ALL]\[Malignant] Pre-B\Snap_746.jpg,malignant
Blood cell Cancer [ALL]\[Malignant] early Pre-B\Snap_238 - Copy.jpg,malignant
Blood cell Cancer [ALL]\[Malignant] Pro-B\Snap_421.jpg,malignant
Blood cell Cancer [ALL]\Benign\Snap_080 (3).jpg,benign
Blood cell Cancer [ALL]\[Malignant] Pre-B\Snap_060.jpg,malignant
Blood cell Cancer [ALL]\[Malignant] Pro-B\Snap_176.jpg,malignant
Blood cell Cancer [ALL]\[Malignant] Pre-B\Snap_039 - Copy.jpg,malignant
Blood cell Cancer [ALL]\Benign\Snap_006 (3).jpg,benign
Blood cell Cancer [ALL]\[Malignant] Pro-B\Snap_368.jpg,malignant
Blood cell Cancer [ALL]\[Malignant] Pro-B\Snap_656.jpg,malignant
Blood cell Cancer [ALL]\Benign\Snap_114.jpg,benign
Blood cell Cancer [ALL]\[Malignant] Pro-B\Snap_300.jpg,malignant
Blood cell Cancer [ALL]\[Malignant] early Pre-B\Sap_148 (76).jpg,malignant
Blood cell Cancer [ALL]\[Malignant] Pre-B\Snap_719.jpg,malignant
Blood cell Cancer [ALL]\[Malignant] Pro-B\Snap_556.jpg,malignant
Blood cell Cancer [ALL]\[Malignant] early Pre-B\Snap_165 - Copy.jpg,malignant
Blood cell Cancer [ALL]\Benign\Snap_029 (4).jpg,benign
Blood cell Cancer [ALL]\[Malignant] Pro-B\Snap_527.jpg,malignant
Blood cell Cancer [ALL]\[Malignant] Pre-B\Snap_055.jpg,malignant
Blood cell Cancer [ALL]\[Malignant] Pro-B\Snap_095.jpg,malignant
Blood cell Cancer [ALL]\[Malignant] Pro-B\Snap_082 - Copy.jpg,malignant
Blood cell Cancer [ALL]\[Malignant] early Pre-B\Snap_211 - Copy.jpg,malignant
Blood cell Cancer [ALL]\[Malignant] Pre-B\Snap_663.jpg,malignant
Blood cell Cancer [ALL]\Benign\Snap_037.jpg,benign
Blood cell Cancer [ALL]\[Malignant] Pro-B\Snap_179.jpg,malignant
Blood cell Cancer [ALL]\[Malignant] early Pre-B\Snap1_043 (43).jpg,malignant
Blood cell Cancer [ALL]\[Malignant] early Pre-B\Snap_0233 (16).jpg,malignant
Blood cell Cancer [ALL]\[Malignant] Pre-B\Snap_334.jpg,malignant
Blood cell Cancer [ALL]\[Malignant] Pre-B\Snap_129.jpg,malignant
Blood cell Cancer [ALL]\[Malignant] Pre-B\Snap_678.jpg,malignant
Blood cell Cancer [ALL]\[Malignant] early Pre-B\Snap_204 - Copy.jpg,malignant
Blood cell Cancer [ALL]\[Malignant] Pro-B\Snap_070 - Copy.jpg,malignant
Blood cell Cancer [ALL]\[Malignant] Pre-B\Snap_721.jpg,malignant
Blood cell Cancer [ALL]\[Malignant] Pre-B\Snap_773.jpg,malignant
Blood cell Cancer [ALL]\[Malignant] early Pre-B\Snp_147 (156).jpg,malignant
Blood cell Cancer [ALL]\[Malignant] Pro-B\Snap_326.jpg,malignant
Blood cell Cancer [ALL]\[Malignant] Pre-B\Snap_048 - Copy.jpg,malignant
Blood cell Cancer [ALL]\[Malignant] Pro-B\Snap_504.jpg,malignant
Blood cell Cancer [ALL]\[Malignant] early Pre-B\Snap_265.jpg,malignant
Blood cell Cancer [ALL]\[Malignant] early Pre-B\Sap_148 (147).jpg,malignant
Blood cell Cancer [ALL]\[Malignant] early Pre-B\Sap_148 (17).jpg,malignant
Blood cell Cancer [ALL]\[Malignant] Pre-B\Snap_453.jpg,malignant
Blood cell Cancer [ALL]\[Malignant] early Pre-B\Snap_263.jpg,malignant
Blood cell Cancer [ALL]\[Malignant] Pre-B\Snap_752.jpg,malignant
Blood cell Cancer [ALL]\[Malignant] early Pre-B\Snap_0233 (12).jpg,malignant
Blood cell Cancer [ALL]\[Malignant] early Pre-B\Sn1ap_024 (31).jpg,malignant
Blood cell Cancer [ALL]\Benign\Snap_073 (3).jpg,benign
Blood cell Cancer [ALL]\[Malignant] Pre-B\Snap_024 - Copy.jpg,malignant
Blood cell Cancer [ALL]\[Malignant] Pro-B\Snap_581.jpg,malignant
Blood cell Cancer [ALL]\[Malignant] Pre-B\Snap_134.jpg,malignant
Blood cell Cancer [ALL]\[Malignant] Pro-B\Snap_088.jpg,malignant
Blood cell Cancer [ALL]\[Malignant] Pre-B\Snap_040 - Copy.jpg,malignant
Blood cell Cancer [ALL]\[Malignant] Pro-B\Snap_367.jpg,malignant
Blood cell Cancer [ALL]\[Malignant] early Pre-B\Sn1ap_024 (45).jpg,malignant
Blood cell Cancer [ALL]\[Malignant] Pro-B\Snap_432.jpg,malignant
Blood cell Cancer [ALL]\[Malignant] Pro-B\Snap_474.jpg,malignant
Blood cell Cancer [ALL]\[Malignant] Pro-B\Snap_198.jpg,malignant
Blood cell Cancer [ALL]\[Malignant] Pre-B\Snap_478.jpg,malignant
Blood cell Cancer [ALL]\[Malignant] Pro-B\Snap_585.jpg,malignant
Blood cell Cancer [ALL]\[Malignant] Pre-B\Snap_554.jpg,malignant
Blood cell Cancer [ALL]\[Malignant] Pro-B\Snap_739.jpg,malignant
Blood cell Cancer [ALL]\[Malignant] Pre-B\Snap_059.jpg,malignant
Blood cell Cancer [ALL]\Benign\Snap_154.jpg,benign
Blood cell Cancer [ALL]\[Malignant] Pro-B\Snap_388.jpg,malignant
Blood cell Cancer [ALL]\Benign\Snap_138.jpg,benign
Blood cell Cancer [ALL]\[Malignant] early Pre-B\Sap_148 (136).jpg,malignant
Blood cell Cancer [ALL]\[Malignant] early Pre-B\Sn1ap_024 (18).jpg,malignant
Blood cell Cancer [ALL]\[Malignant] Pro-B\Snap_168.jpg,malignant
Blood cell Cancer [ALL]\Benign\Snap_004 (4).jpg,benign
Blood cell Cancer [ALL]\[Malignant] Pre-B\Snap_632.jpg,malignant
Blood cell Cancer [ALL]\[Malignant] Pre-B\Snap_068.jpg,malignant
Blood cell Cancer [ALL]\[Malignant] early Pre-B\Snap_247.jpg,malignant
Blood cell Cancer [ALL]\[Malignant] early Pre-B\Snap_007.jpg,malignant
Blood cell Cancer [ALL]\[Malignant] early Pre-B\Snap_034.jpg,malignant
Blood cell Cancer [ALL]\[Malignant] Pro-B\Snap_483.jpg,malignant
Blood cell Cancer [ALL]\[Malignant] early Pre-B\Snap_144 - Copy.jpg,malignant
Blood cell Cancer [ALL]\[Malignant] Pre-B\Snap_538.jpg,malignant
Blood cell Cancer [ALL]\[Malignant] early Pre-B\Snap_156 - Copy.jpg,malignant
Blood cell Cancer [ALL]\[Malignant] early Pre-B\Snp_147 (157).jpg,malignant
Blood cell Cancer [ALL]\[Malignant] early Pre-B\Snap_132 - Copy.jpg,malignant
Blood cell Cancer [ALL]\Benign\Snap_048.jpg,benign
Blood cell Cancer [ALL]\[Malignant] Pro-B\Snap_307.jpg,malignant
Blood cell Cancer [ALL]\[Malignant] Pro-B\Snap_540.jpg,malignant
Blood cell Cancer [ALL]\[Malignant] early Pre-B\Snp_147 (37).jpg,malignant
Blood cell Cancer [ALL]\[Malignant] Pro-B\Snap_624.jpg,malignant
Blood cell Cancer [ALL]\[Malignant] Pre-B\Snap_127.jpg,malignant
Blood cell Cancer [ALL]\Benign\Snap_052 (3).jpg,benign
Blood cell Cancer [ALL]\[Malignant] Pro-B\Snap_189.jpg,malignant
Blood cell Cancer [ALL]\[Malignant] Pro-B\Snap_390.jpg,malignant
Blood cell Cancer [ALL]\[Malignant] early Pre-B\Snap_0233 (1).jpg,malignant
Blood cell Cancer [ALL]\Benign\Sap_013 (13).jpg,benign
Blood cell Cancer [ALL]\[Malignant] Pro-B\Snap_608.jpg,malignant
Blood cell Cancer [ALL]\[Malignant] Pro-B\Snap_152.jpg,malignant
Blood cell Cancer [ALL]\Benign\Snap_147.jpg,benign
Blood cell Cancer [ALL]\[Malignant] Pre-B\Snap_684.jpg,malignant
Blood cell Cancer [ALL]\[Malignant] early Pre-B\Snap1_043 (60).jpg,malignant
Blood cell Cancer [ALL]\[Malignant] early Pre-B\Snp_147 (129).jpg,malignant
Blood cell Cancer [ALL]\Benign\Snap_098.jpg,benign
Blood cell Cancer [ALL]\[Malignant] early Pre-B\Snap1_043 (66).jpg,malignant
Blood cell Cancer [ALL]\Benign\Snap_029 (3).jpg,benign
Blood cell Cancer [ALL]\[Malignant] Pro-B\Snap_757.jpg,malignant
Blood cell Cancer [ALL]\[Malignant] Pro-B\Snap_140.jpg,malignant
Blood cell Cancer [ALL]\[Malignant] early Pre-B\Sap_148 (148).jpg,malignant
Blood cell Cancer [ALL]\[Malignant] Pro-B\Snap_528.jpg,malignant
Blood cell Cancer [ALL]\[Malignant] early Pre-B\Snap_104 - Copy.jpg,malignant
Blood cell Cancer [ALL]\[Malignant] Pre-B\Snap_710.jpg,malignant
Blood cell Cancer [ALL]\[Malignant] Pre-B\Snap_073.jpg,malignant
Blood cell Cancer [ALL]\Benign\Snap_121 (3).jpg,benign
Blood cell Cancer [ALL]\[Malignant] Pre-B\Snap_675.jpg,malignant
Blood cell Cancer [ALL]\[Malignant] Pre-B\Snap_725.jpg,malignant
Blood cell Cancer [ALL]\[Malignant] early Pre-B\Snap_070 - Copy.jpg,malignant
Blood cell Cancer [ALL]\[Malignant] Pre-B\Snap_785.jpg,malignant
Blood cell Cancer [ALL]\[Malignant] Pro-B\Snap_423.jpg,malignant
Blood cell Cancer [ALL]\Benign\Snap_103 (2).jpg,benign
Blood cell Cancer [ALL]\[Malignant] early Pre-B\Sap_148 (47).jpg,malignant
Blood cell Cancer [ALL]\[Malignant] early Pre-B\Snap_008.jpg,malignant
